0,1,2,3,4,5,6,7,8,9,10,11,12,13,14,15,16,17,18,19,20,21,22,23,24,25,26,27,28,29,30,31,32,33,34,35,36,37,38,39,40,41,42,43,44,45,46,47,percentage_closed_lane,percentage_opened_lane,dow,hour,mins,position,direction,duration_level
66,68,68,63,71,68,69,71,71,73,70,68,68,71,73,72,71,71,70,71,71,69,68,71,73,68,68,68,68,69,68,70,69,67,71,67,68,67,67,69,71,71,70,68,65,64,65,70,25,75,Sunday,8,20,AT,NORTHBOUND,0
67,70,70,67,69,66,66,69,72,73,73,69,68,74,74,72,71,71,69,66,67,69,73,71,69,71,68,65,68,66,70,71,68,73,67,68,67,68,69,68,67,68,68,67,65,63,66,68,0,100,Sunday,8,20,0,NORTHBOUND,0
69,71,72,69,70,72,70,73,72,73,67,68,69,76,74,73,74,73,73,71,70,71,72,74,71,73,69,67,68,71,75,72,66,72,72,71,71,72,72,68,69,71,70,71,70,69,70,70,0,100,Sunday,8,20,0,NORTHBOUND,0
67,69,68,68,65,65,73,69,67,67,66,65,65,65,65,64,63,63,68,70,68,65,67,75,75,75,75,67,66,69,71,69,70,70,66,65,70,71,68,69,67,68,71,71,69,70,69,68,17,83,Monday,6,55,PAST,NORTHBOUND,0
68,70,67,68,75,63,69,65,65,66,67,67,67,67,67,64,63,68,71,68,66,65,67,76,76,76,71,69,73,69,71,68,67,66,67,69,71,70,68,67,70,71,69,69,70,68,69,70,0,100,Monday,6,55,0,NORTHBOUND,0
72,72,68,66,74,69,72,70,68,68,69,70,70,68,67,66,65,68,72,71,68,67,68,78,78,78,65,68,74,72,69,72,74,71,70,70,77,73,72,70,71,70,72,73,71,69,72,74,0,100,Monday,6,55,0,NORTHBOUND,0
70,67,68,76,70,71,64,66,67,69,70,70,70,66,66,67,67,71,72,69,69,70,66,59,61,59,63,67,63,58,59,58,62,63,65,67,67,67,66,65,69,70,66,66,63,68,67,66,0,100,Tuesday,8,5,PAST,NORTHBOUND,1
73,66,68,76,70,76,63,68,66,67,70,67,65,68,69,68,66,73,74,68,66,66,65,57,63,62,65,64,62,58,59,62,63,65,65,65,65,65,67,70,68,68,63,67,64,67,67,66,0,100,Tuesday,8,5,0,NORTHBOUND,1
74,67,67,68,72,79,73,68,67,69,72,70,68,69,70,70,71,75,75,70,64,62,68,62,69,64,68,67,66,62,58,64,66,68,68,67,69,69,70,71,69,70,69,69,69,67,66,67,0,100,Tuesday,8,5,0,NORTHBOUND,1
68,67,65,65,65,68,71,70,72,69,68,69,67,65,66,66,66,66,65,67,69,67,64,66,67,68,72,71,70,67,66,67,67,66,66,66,63,65,67,70,68,66,67,67,71,71,70,72,50,50,Wednesday,5,35,AT,NORTHBOUND,1
68,66,64,66,67,68,70,70,77,71,69,70,70,66,64,66,66,65,65,68,69,66,62,65,67,67,69,71,70,67,67,67,67,66,67,67,64,67,71,70,69,66,64,67,70,72,72,73,0,100,Wednesday,5,35,0,NORTHBOUND,1
69,67,66,70,73,68,67,72,75,72,71,71,70,68,66,66,67,68,67,69,70,68,68,69,69,70,73,72,72,68,72,71,69,69,70,69,67,70,73,72,73,70,67,68,69,70,74,74,0,100,Wednesday,5,35,0,NORTHBOUND,1
71,67,67,68,68,71,71,67,70,68,68,68,66,62,70,70,68,65,65,65,68,67,64,71,68,68,66,67,68,70,69,70,68,66,68,69,70,73,67,68,73,72,70,69,67,64,67,71,0,100,Tuesday,7,0,AT,NORTHBOUND,0
69,63,64,64,64,68,70,66,69,68,68,68,65,61,68,69,68,66,68,70,69,70,71,70,67,68,68,68,69,70,69,71,68,66,70,72,69,70,69,71,74,70,68,69,69,67,69,73,0,100,Tuesday,7,0,0,NORTHBOUND,0
69,63,65,67,67,71,73,70,74,72,71,69,66,65,70,71,69,68,72,75,73,74,68,66,66,69,70,69,68,72,72,70,69,68,70,73,71,72,72,75,77,73,70,73,73,70,71,74,0,100,Tuesday,7,0,0,NORTHBOUND,0
73,71,68,68,68,71,71,69,67,65,67,66,66,66,68,67,69,69,70,70,67,68,68,64,70,66,65,64,65,65,66,68,68,67,68,67,66,67,66,66,68,66,66,69,69,66,64,69,50,50,Wednesday,9,55,AT,NORTHBOUND,1
71,70,70,68,69,70,67,66,66,68,69,67,66,67,70,66,67,68,69,68,66,67,68,68,68,70,63,63,65,65,66,65,65,63,64,66,64,65,65,67,70,68,65,65,67,66,66,65,0,100,Wednesday,9,55,0,NORTHBOUND,1
72,73,74,71,70,72,70,68,69,70,70,69,69,68,70,68,70,70,70,69,68,69,71,68,70,69,67,67,68,67,67,67,67,66,67,68,65,65,68,69,69,68,66,67,70,70,70,66,0,100,Wednesday,9,55,0,NORTHBOUND,1
66,68,67,69,69,70,70,67,68,68,64,70,66,65,64,65,65,66,68,68,67,68,67,66,67,66,66,68,66,66,69,69,66,64,69,68,67,68,68,67,67,67,66,69,71,65,67,68,50,50,Wednesday,9,55,AT,NORTHBOUND,1
67,70,66,67,68,69,68,66,67,68,68,68,70,63,63,65,65,66,65,65,63,64,66,64,65,65,67,70,68,65,65,67,66,66,65,69,68,66,66,67,66,66,67,67,68,63,65,67,0,100,Wednesday,9,55,0,NORTHBOUND,1
68,70,68,70,70,70,69,68,69,71,68,70,69,67,67,68,67,67,67,67,66,67,68,65,65,68,69,69,68,66,67,70,70,70,66,70,67,67,68,69,70,69,69,70,68,70,67,70,0,100,Wednesday,9,55,0,NORTHBOUND,1
72,70,67,67,68,70,71,69,73,73,68,68,66,66,70,71,70,68,67,69,70,68,71,70,70,71,71,69,67,67,67,70,69,69,70,70,69,70,68,66,67,66,66,68,68,69,70,70,0,100,Monday,9,15,AT,NORTHBOUND,0
73,69,67,67,69,71,71,69,71,71,68,69,69,67,69,73,71,69,68,69,69,71,71,72,71,69,69,68,67,66,66,68,68,68,68,69,68,67,67,68,70,69,67,65,66,66,66,66,0,100,Monday,9,15,0,NORTHBOUND,0
74,72,71,68,70,75,74,71,73,73,70,69,70,69,71,77,74,72,73,73,73,72,74,75,74,70,69,69,70,71,72,69,71,70,69,72,71,69,68,68,69,69,72,68,68,67,69,68,0,100,Monday,9,15,0,NORTHBOUND,0
66,66,65,68,69,71,70,62,62,60,64,64,65,69,67,66,67,68,68,68,62,66,67,67,68,69,70,68,67,70,72,71,68,67,69,70,72,75,75,71,70,71,70,70,70,69,68,66,25,75,Wednesday,6,35,AT,NORTHBOUND,2
69,67,66,68,69,70,68,60,69,69,66,64,66,66,66,67,67,67,68,70,66,71,71,67,64,67,70,68,65,65,65,72,68,70,71,69,71,75,75,70,69,70,67,68,70,70,69,67,0,100,Wednesday,6,35,0,NORTHBOUND,2
68,68,69,70,69,72,67,62,74,75,69,65,72,71,68,70,69,68,69,70,68,71,72,70,68,69,72,73,71,66,65,72,72,72,71,68,71,77,78,72,70,68,67,71,73,71,70,69,0,100,Wednesday,6,35,0,NORTHBOUND,2
71,72,72,71,69,71,70,72,72,73,70,70,71,72,71,70,70,70,69,73,72,70,69,70,70,70,71,70,69,69,69,70,69,70,70,70,70,69,69,68,69,68,67,68,69,69,66,68,0,100,Saturday,17,30,TO,NORTHBOUND,3
69,70,70,70,70,72,70,70,70,69,68,67,70,70,69,69,70,70,69,70,71,70,69,69,69,68,69,70,70,68,70,69,69,69,68,67,67,68,69,70,70,68,69,65,68,67,68,67,0,100,Saturday,17,30,0,NORTHBOUND,3
74,73,71,70,70,72,73,76,72,73,72,71,71,73,72,70,70,71,72,73,71,69,72,73,72,72,72,72,75,75,70,69,71,72,71,71,72,71,70,70,71,70,73,69,72,73,72,68,0,100,Saturday,17,30,0,NORTHBOUND,3
71,69,69,69,68,68,70,66,69,70,70,72,72,69,71,73,71,68,70,72,68,68,67,69,69,69,70,69,71,71,71,75,69,71,72,69,70,70,68,68,69,68,67,66,69,65,65,66,0,100,Wednesday,8,25,AT,NORTHBOUND,0
71,70,68,69,72,73,70,65,67,70,66,68,70,70,72,70,66,69,70,71,69,66,70,67,68,70,69,71,70,68,70,75,70,69,71,70,70,69,70,71,70,67,64,64,64,66,67,68,0,100,Wednesday,8,25,0,NORTHBOUND,0
71,71,71,69,71,76,71,71,70,70,69,72,70,72,75,74,73,76,74,73,72,71,70,69,71,74,71,71,69,69,70,74,71,73,73,72,73,73,72,71,70,71,69,71,72,68,70,72,0,100,Wednesday,8,25,0,NORTHBOUND,0
70,70,71,69,68,67,69,71,70,70,70,70,70,69,69,69,71,69,69,71,72,71,72,71,69,72,72,72,71,71,72,72,72,72,69,71,72,73,73,71,70,71,72,71,72,71,73,71,0,100,Wednesday,15,35,AT,NORTHBOUND,0
68,69,69,67,65,67,66,67,68,70,70,70,69,68,68,70,71,69,67,69,71,71,71,70,69,71,70,73,69,70,73,70,69,68,67,70,70,69,72,73,69,67,68,71,69,70,70,68,0,100,Wednesday,15,35,0,NORTHBOUND,0
71,70,68,72,73,70,69,72,72,70,71,71,71,71,73,74,72,71,70,71,72,72,71,71,71,72,70,73,71,74,74,71,71,73,71,71,73,72,71,71,71,70,72,74,72,74,73,73,0,100,Wednesday,15,35,0,NORTHBOUND,0
67,67,69,69,67,66,66,68,66,64,62,65,68,69,65,66,71,69,67,68,64,67,69,70,69,68,67,70,66,75,70,67,67,67,69,68,69,70,69,69,70,71,70,71,69,70,68,66,25,75,Monday,7,30,AT,NORTHBOUND,1
68,68,71,68,67,67,66,67,67,65,65,67,67,64,64,63,70,72,67,69,68,67,68,69,68,65,67,71,68,69,68,69,70,68,72,71,69,71,69,67,69,70,69,68,70,70,69,67,0,100,Monday,7,30,0,NORTHBOUND,1
68,69,70,67,65,66,66,68,66,65,68,69,69,68,68,66,72,73,69,70,70,69,71,74,74,68,70,75,72,69,70,71,72,71,72,73,71,70,71,72,72,71,71,69,67,72,73,73,0,100,Monday,7,30,0,NORTHBOUND,1
64,65,63,63,64,63,63,64,63,62,61,62,48,35,29,26,34,47,50,47,44,46,47,58,58,59,59,53,48,57,59,57,46,29,23,21,18,17,18,19,20,21,26,23,39,64,66,68,0,100,Tuesday,18,35,0,NORTHBOUND,2
66,66,66,65,66,65,65,66,65,65,60,55,52,40,31,29,26,32,37,37,32,35,39,33,43,48,51,47,39,31,40,43,38,29,24,23,21,20,19,19,22,23,22,27,42,70,70,71,0,100,Tuesday,18,35,0,NORTHBOUND,2
66,65,66,66,65,65,66,65,64,62,55,47,46,44,36,26,23,22,24,27,29,26,25,26,26,27,33,36,33,29,24,22,24,25,22,19,19,20,22,23,24,33,50,65,70,68,66,67,0,100,Tuesday,18,35,0,NORTHBOUND,2
66,64,66,66,65,65,68,69,66,62,65,67,67,69,71,70,67,67,67,67,66,67,67,64,67,71,70,69,66,64,67,70,72,72,73,74,69,69,72,72,70,74,67,68,71,69,68,68,25,75,Wednesday,6,40,BEFORE,NORTHBOUND,1
68,66,66,67,68,67,69,70,68,68,69,69,70,73,72,72,68,72,71,69,69,70,69,67,70,73,72,73,70,67,68,69,70,74,74,75,76,74,73,72,70,70,70,70,73,74,71,71,0,100,Wednesday,6,40,0,NORTHBOUND,1
66,66,66,66,67,68,69,70,67,67,68,68,70,73,73,69,69,70,69,65,66,68,66,66,69,71,69,69,67,68,67,70,70,75,73,72,71,74,74,72,72,69,72,70,69,70,71,69,0,100,Wednesday,6,40,0,NORTHBOUND,1
60,59,59,58,59,58,52,49,51,57,60,59,58,56,52,51,53,53,55,55,55,56,57,57,58,56,57,56,57,55,56,53,57,60,60,59,58,58,59,59,57,57,56,57,56,55,56,57,20,80,Monday,12,25,BEFORE,NORTHBOUND,0
63,64,65,63,64,59,55,55,57,60,62,60,63,62,53,50,56,58,57,58,59,60,60,57,58,62,59,59,58,60,57,59,54,60,63,60,58,59,61,61,61,62,61,60,57,58,61,59,0,100,Monday,12,25,0,NORTHBOUND,0
61,60,58,58,59,55,52,54,57,58,58,60,61,61,56,50,53,55,56,57,58,59,57,56,55,59,56,60,57,58,58,58,57,59,59,58,57,58,61,61,60,60,59,59,60,60,60,59,0,100,Monday,12,25,0,NORTHBOUND,0
66,64,59,61,62,62,65,60,61,64,64,61,64,70,66,67,64,66,68,68,68,69,70,69,69,65,65,68,71,70,66,66,66,64,65,65,66,64,61,64,64,62,62,62,64,61,57,58,0,100,Saturday,10,10,TO,NORTHBOUND,1
66,62,60,63,64,66,68,63,64,65,66,63,68,72,69,70,68,72,71,72,72,72,73,72,69,69,69,74,76,72,70,71,70,69,67,66,69,67,66,67,66,65,63,64,66,65,63,60,0,100,Saturday,10,10,0,NORTHBOUND,1
62,65,64,62,63,66,63,62,63,64,65,63,68,68,67,70,67,68,68,69,69,71,73,71,68,71,72,74,73,72,71,70,69,68,65,63,64,62,64,63,63,65,63,61,63,62,61,62,0,100,Saturday,10,10,0,NORTHBOUND,1
68,68,70,70,68,67,70,70,69,68,70,67,67,68,71,72,69,68,68,67,68,71,73,72,68,70,71,70,72,72,71,67,64,69,68,69,69,70,69,69,70,68,67,67,67,71,72,68,25,75,Wednesday,7,20,BEFORE,NORTHBOUND,0
68,71,73,69,70,71,71,74,74,69,73,68,70,69,70,74,71,71,72,74,76,71,70,73,72,72,75,74,71,71,71,71,71,73,72,71,71,73,71,70,72,73,68,69,70,71,71,72,0,100,Wednesday,7,20,0,NORTHBOUND,0
66,69,71,70,70,70,69,70,69,69,72,66,68,69,66,72,71,71,70,71,72,71,68,68,69,69,71,71,71,71,71,68,68,70,68,69,70,69,69,69,70,70,69,69,71,71,66,74,0,100,Wednesday,7,20,0,NORTHBOUND,0
65,68,71,71,67,65,63,64,64,66,68,69,71,70,68,70,71,67,64,65,68,70,72,72,75,71,67,68,67,68,69,68,68,67,76,69,67,68,68,68,67,67,67,67,72,72,70,69,50,50,Monday,7,5,BEFORE,NORTHBOUND,1
69,70,72,72,66,66,66,66,68,69,70,70,70,71,70,72,74,70,68,68,69,71,73,73,73,71,69,71,73,74,69,68,71,69,71,72,70,70,71,71,72,72,70,71,72,72,73,73,0,100,Monday,7,5,0,NORTHBOUND,1
66,68,70,69,64,66,64,66,69,68,68,69,69,69,69,69,70,69,67,70,67,68,70,72,73,73,71,68,73,71,69,68,69,66,70,71,70,71,71,71,72,70,70,71,73,72,73,73,0,100,Monday,7,5,0,NORTHBOUND,1
61,68,73,70,64,63,67,68,69,69,69,68,69,70,71,71,70,69,69,68,71,72,69,68,65,65,67,68,70,70,67,67,71,69,69,71,73,69,69,66,69,67,68,69,69,69,68,67,25,75,Sunday,7,45,BEFORE,NORTHBOUND,1
69,68,72,69,64,64,68,69,70,70,70,71,72,74,74,73,71,69,71,71,73,74,70,68,69,70,74,73,74,73,72,73,73,71,70,72,73,72,72,70,73,70,70,70,71,72,72,72,0,100,Sunday,7,45,0,NORTHBOUND,1
70,68,73,70,66,67,67,69,69,66,68,68,69,72,71,71,72,70,71,71,71,72,70,67,67,68,71,73,72,69,71,75,73,71,70,69,70,71,72,69,73,70,71,70,69,69,70,70,0,100,Sunday,7,45,0,NORTHBOUND,1
73,72,68,71,72,62,69,69,70,76,68,68,69,68,69,68,67,66,69,75,72,71,73,73,72,72,73,69,66,68,71,72,72,69,74,73,70,71,70,74,76,69,67,72,73,70,71,72,20,80,Tuesday,6,40,BEFORE,NORTHBOUND,0
72,69,66,68,67,62,69,70,73,74,67,68,68,67,67,67,66,65,68,74,69,71,73,72,71,72,71,68,68,70,70,71,73,70,71,71,68,68,69,71,71,68,67,69,69,70,70,69,0,100,Tuesday,6,40,0,NORTHBOUND,0
71,70,67,67,65,62,69,63,76,76,67,67,68,68,66,67,67,65,66,65,67,69,70,71,68,69,69,68,68,69,70,69,70,75,74,72,69,66,72,72,69,69,68,68,67,66,68,69,0,100,Tuesday,6,40,0,NORTHBOUND,0
68,69,69,70,71,66,62,66,69,75,78,74,68,65,65,66,67,70,73,69,65,66,68,69,69,71,70,70,72,71,69,71,72,69,74,74,73,72,74,71,69,72,73,73,75,74,73,74,20,80,Sunday,6,35,PAST,NORTHBOUND,2
67,69,69,69,69,65,61,64,67,76,76,71,68,65,64,65,68,68,69,66,65,67,70,70,67,67,68,69,71,71,70,72,72,67,69,70,71,73,73,70,73,71,75,74,73,73,70,69,0,100,Sunday,6,35,0,NORTHBOUND,2
71,70,68,66,67,65,63,69,68,71,73,69,64,64,64,63,67,75,73,65,64,63,70,72,68,68,69,69,69,73,68,68,66,72,70,67,70,73,71,69,67,76,72,71,70,65,70,68,0,100,Sunday,6,35,0,NORTHBOUND,2
72,79,77,66,65,65,68,70,71,70,68,70,66,70,72,70,72,74,69,67,66,62,66,74,74,73,72,72,71,73,71,70,71,71,70,72,73,74,73,69,70,77,70,71,71,71,70,69,0,100,Thursday,7,0,BEFORE,NORTHBOUND,0
71,78,70,68,65,66,69,68,69,69,67,70,67,70,72,68,69,70,68,66,64,63,68,74,73,71,73,70,68,69,71,68,68,70,71,71,70,71,70,70,69,70,70,70,70,70,68,68,0,100,Thursday,7,0,0,NORTHBOUND,0
74,76,71,67,65,64,67,65,63,67,70,67,68,70,67,67,69,70,68,65,64,66,73,75,70,70,71,68,67,69,71,69,67,67,67,68,68,70,69,71,69,67,68,63,62,65,69,69,0,100,Thursday,7,0,0,NORTHBOUND,0
74,74,73,71,71,69,73,72,75,72,74,68,71,76,71,73,75,76,77,76,74,71,70,77,76,73,72,73,75,75,75,75,77,73,73,73,73,74,75,75,74,72,72,72,74,73,75,74,25,75,Saturday,9,55,AT,NORTHBOUND,2
71,72,71,70,72,72,73,70,76,69,77,70,71,75,72,72,73,74,73,74,78,75,76,76,74,72,71,73,74,73,71,71,75,75,73,73,74,74,76,76,72,71,72,72,73,73,77,75,0,100,Saturday,9,55,0,NORTHBOUND,2
70,73,70,69,69,71,66,66,77,69,72,72,71,71,69,72,72,72,70,68,72,73,75,71,68,70,71,71,70,69,73,72,72,69,71,71,71,71,74,74,74,75,72,71,73,71,73,73,0,100,Saturday,9,55,0,NORTHBOUND,2
76,71,67,70,67,63,68,69,68,69,71,67,71,72,72,72,72,69,71,74,72,78,71,68,73,71,68,69,73,73,73,68,66,69,76,72,71,72,71,72,72,70,70,72,72,72,74,73,20,80,Tuesday,7,5,BEFORE,NORTHBOUND,0
73,71,68,70,66,63,67,67,66,68,68,68,71,66,72,76,72,67,69,69,69,74,72,68,74,69,69,69,69,69,71,69,69,69,74,70,73,73,68,73,73,70,69,70,72,71,72,70,0,100,Tuesday,7,5,0,NORTHBOUND,0
72,70,66,68,67,65,65,66,67,67,66,68,67,69,73,75,71,68,71,70,69,70,63,70,71,67,69,71,71,66,70,66,68,69,69,69,73,69,70,71,65,64,64,64,65,65,70,71,0,100,Tuesday,7,5,0,NORTHBOUND,0
71,70,69,70,72,77,74,70,74,72,67,70,70,70,70,70,70,69,68,69,70,68,71,72,68,68,71,70,68,70,71,70,69,68,70,72,73,70,71,69,66,68,69,67,68,68,70,67,40,60,Thursday,10,25,PAST,NORTHBOUND,1
72,72,71,71,72,74,71,70,70,71,72,70,70,69,69,70,68,67,67,66,69,66,61,66,58,62,67,68,67,67,67,67,68,68,66,66,69,69,69,67,66,68,68,66,67,67,68,68,0,100,Thursday,10,25,0,NORTHBOUND,1
69,69,69,68,69,68,70,66,66,66,68,68,68,67,69,65,65,68,66,64,65,65,66,65,67,67,69,65,67,66,65,66,68,67,64,66,68,67,69,62,62,66,66,66,67,67,69,66,0,100,Thursday,10,25,0,NORTHBOUND,1
75,73,74,73,74,68,75,73,73,72,74,72,71,73,73,70,69,73,75,74,73,75,73,72,74,74,72,71,70,70,73,71,71,73,73,73,74,73,73,72,72,72,70,70,72,73,69,70,0,100,Thursday,10,55,BEFORE,NORTHBOUND,2
71,70,71,71,69,71,74,70,69,71,71,71,70,71,70,67,68,70,71,71,70,71,70,70,71,71,71,71,70,68,69,69,70,72,69,70,70,70,70,69,69,69,68,68,69,68,70,69,0,100,Thursday,10,55,0,NORTHBOUND,2
68,68,69,69,69,72,74,71,68,69,71,69,68,69,69,69,68,69,71,70,73,70,68,70,71,69,72,72,69,70,66,66,71,71,69,69,68,69,69,69,71,71,68,69,70,69,68,67,0,100,Thursday,10,55,0,NORTHBOUND,2
67,68,68,69,68,67,71,72,68,71,75,73,74,73,71,73,70,70,69,69,72,72,71,70,70,71,72,72,72,71,70,71,70,68,70,68,67,69,69,68,68,69,68,68,68,69,69,69,20,80,Wednesday,8,40,AT,NORTHBOUND,1
67,68,67,68,68,65,67,71,71,72,72,70,69,69,67,69,67,70,68,66,68,69,68,67,65,64,64,65,66,71,70,63,60,59,61,64,61,64,66,66,67,68,69,69,66,66,66,63,0,100,Wednesday,8,40,0,NORTHBOUND,1
66,69,71,69,67,67,68,69,70,71,68,68,70,70,70,71,70,67,69,67,66,69,68,66,65,62,62,65,65,66,66,59,53,48,49,43,48,58,62,61,64,65,66,67,65,65,67,65,0,100,Wednesday,8,40,0,NORTHBOUND,1
69,71,70,70,69,67,66,70,67,69,68,69,68,68,68,70,70,68,68,68,68,69,72,71,70,71,72,70,70,69,69,70,70,71,69,71,71,68,70,72,70,71,70,69,69,70,70,71,17,83,Monday,22,50,PAST,NORTHBOUND,1
69,70,68,70,69,66,68,74,70,70,68,67,66,65,66,68,68,68,67,66,68,69,70,67,68,70,70,69,69,68,69,67,69,69,66,67,70,68,68,69,68,68,67,67,67,66,68,71,0,100,Monday,22,50,0,NORTHBOUND,1
67,68,68,70,65,64,70,70,65,70,68,68,66,65,65,67,67,66,66,65,65,67,67,67,66,64,67,67,66,66,66,66,68,66,65,65,68,67,65,67,66,66,67,67,67,65,64,64,0,100,Monday,22,50,0,NORTHBOUND,1
67,68,70,73,74,71,71,70,70,69,64,70,68,69,69,70,71,70,73,74,71,73,71,70,67,68,67,70,71,71,71,71,67,63,69,69,68,70,73,74,72,70,71,71,68,68,67,68,17,83,Thursday,8,0,PAST,NORTHBOUND,1
67,69,68,69,71,66,66,67,67,64,63,71,68,67,67,70,70,68,69,69,68,69,73,71,69,72,69,73,70,66,68,68,64,63,68,68,67,67,69,70,69,67,61,53,53,45,57,62,0,100,Thursday,8,0,0,NORTHBOUND,1
68,69,68,71,72,67,69,68,69,61,64,72,72,70,69,70,70,70,70,67,67,71,69,65,67,69,68,71,69,67,67,68,65,60,62,66,68,66,66,66,66,66,64,59,48,35,40,45,0,100,Thursday,8,0,0,NORTHBOUND,1
67,67,68,68,66,62,63,67,70,73,69,67,67,68,67,66,67,69,66,65,67,68,69,69,71,70,68,68,70,74,70,65,69,73,72,69,69,71,71,69,71,71,69,72,69,71,69,71,0,100,Wednesday,6,35,AT,NORTHBOUND,1
67,68,68,68,64,60,62,65,66,66,66,68,68,68,67,69,70,69,67,65,66,67,67,67,68,69,70,72,73,71,70,70,76,72,71,68,68,72,73,69,69,65,67,67,67,68,64,67,0,100,Wednesday,6,35,0,NORTHBOUND,1
66,68,68,69,65,61,62,66,68,67,67,66,66,66,66,66,67,67,67,68,66,66,67,67,67,68,70,73,72,70,70,71,69,73,68,69,69,68,68,72,78,73,68,68,68,67,64,65,0,100,Wednesday,6,35,0,NORTHBOUND,1
73,73,72,71,72,71,71,71,71,72,71,71,71,69,70,71,69,69,72,71,70,70,68,70,71,70,68,70,69,68,68,69,69,70,69,67,69,67,67,68,68,69,71,68,67,67,66,66,0,100,Friday,13,5,BEFORE,NORTHBOUND,1
73,72,69,68,68,66,68,70,70,70,70,71,71,69,67,65,69,67,68,71,71,70,70,69,70,69,69,71,67,65,66,67,67,69,68,70,67,67,68,68,66,68,67,68,68,68,67,68,0,100,Friday,13,5,0,NORTHBOUND,1
71,71,68,66,67,65,66,68,71,71,70,70,72,70,70,69,71,68,68,69,65,61,69,71,68,69,69,71,68,65,65,66,66,67,67,71,64,67,68,65,66,69,68,68,68,65,66,68,0,100,Friday,13,5,0,NORTHBOUND,1
71,71,71,70,71,70,67,68,70,71,71,70,71,70,70,71,71,71,71,70,68,69,69,70,72,69,70,70,70,70,69,69,69,68,68,69,68,70,69,69,69,68,68,69,68,69,68,68,0,100,Thursday,11,40,TO,NORTHBOUND,1
69,71,69,68,69,69,69,68,69,71,70,73,70,68,70,71,69,72,72,69,70,66,66,71,71,69,69,68,69,69,69,71,71,68,69,70,69,68,67,69,70,69,71,70,69,69,69,69,0,100,Thursday,11,40,0,NORTHBOUND,1
68,71,71,70,70,69,69,71,68,69,69,69,70,68,71,73,70,70,70,69,69,67,68,70,68,70,68,68,69,68,67,70,71,69,69,70,69,68,66,67,67,66,67,67,67,70,67,68,0,100,Thursday,11,40,0,NORTHBOUND,1
65,62,68,66,66,66,68,68,67,67,68,65,63,63,66,66,67,61,63,64,67,64,65,69,69,68,67,67,68,68,67,66,67,65,64,65,66,66,60,50,46,59,56,63,62,62,60,59,0,100,Wednesday,15,40,0,NORTHBOUND,2
62,64,65,64,66,65,66,64,63,65,66,65,62,60,63,61,67,65,60,64,64,63,63,63,66,66,65,64,60,56,57,58,56,53,51,55,63,63,57,57,60,56,56,47,44,40,41,45,0,100,Wednesday,15,40,0,NORTHBOUND,2
65,64,67,67,68,67,67,65,65,66,64,65,64,64,63,61,59,60,52,59,63,62,65,67,67,62,61,62,55,49,44,35,28,30,43,58,65,64,62,63,65,65,63,44,39,34,32,32,0,100,Wednesday,15,40,0,NORTHBOUND,2
69,69,73,68,68,66,72,70,67,70,73,71,69,67,76,72,71,70,65,70,68,65,67,68,66,66,68,68,64,71,67,64,67,62,63,67,67,66,67,68,66,64,68,65,67,68,68,66,20,80,Sunday,8,50,PAST,NORTHBOUND,0
68,67,70,71,67,72,71,70,71,70,70,72,70,69,72,70,71,69,65,69,67,65,65,65,65,65,67,68,65,68,63,65,64,64,66,64,65,66,66,66,66,62,63,63,67,68,66,65,0,100,Sunday,8,50,0,NORTHBOUND,0
69,69,69,71,73,69,71,71,71,71,70,69,69,72,73,70,69,68,69,70,68,67,68,65,65,68,69,69,66,69,66,65,63,62,66,63,60,59,64,63,65,62,63,65,69,68,68,67,0,100,Sunday,8,50,0,NORTHBOUND,0
66,69,68,65,65,64,64,67,67,69,65,67,69,67,66,65,66,67,67,65,65,69,68,67,68,65,65,66,68,69,67,67,66,63,64,62,62,62,51,38,28,28,38,40,41,48,51,44,0,100,Wednesday,16,10,0,NORTHBOUND,3
64,66,67,66,65,65,65,64,65,66,64,66,65,62,61,64,63,62,64,65,64,66,67,66,67,65,63,65,67,66,64,64,62,60,58,63,63,63,61,51,36,31,28,38,37,27,22,28,0,100,Wednesday,16,10,0,NORTHBOUND,3
64,64,66,67,65,66,68,66,66,66,67,70,64,66,67,66,64,67,65,67,68,66,66,66,68,68,67,66,67,65,63,62,59,63,61,64,65,65,63,60,52,39,35,29,27,26,23,19,0,100,Wednesday,16,10,0,NORTHBOUND,3
69,68,72,70,69,71,71,71,67,69,73,74,71,70,69,68,67,69,70,69,67,69,70,70,70,68,66,63,65,70,68,68,71,72,69,73,67,66,67,68,69,70,66,65,67,69,66,66,67,33,Sunday,0,15,PAST,NORTHBOUND,1
65,66,67,69,69,71,71,70,69,69,70,71,72,71,69,67,67,70,71,70,67,67,69,70,71,68,67,68,66,71,67,68,73,71,66,72,66,66,64,65,70,66,66,68,69,69,66,67,0,100,Sunday,0,15,0,NORTHBOUND,1
67,69,68,72,71,68,69,69,70,70,69,70,70,68,67,68,70,73,71,67,66,68,69,68,69,67,66,68,68,75,68,67,72,71,68,71,64,67,67,71,68,65,67,70,71,70,68,68,0,100,Sunday,0,15,0,NORTHBOUND,1
71,70,69,70,69,68,71,70,67,69,70,68,67,67,68,67,65,64,58,56,54,59,57,62,68,69,63,61,61,63,65,66,67,65,65,65,67,66,65,64,64,65,65,63,61,61,63,65,25,75,Sunday,9,5,AT,NORTHBOUND,0
70,70,70,71,68,66,70,68,68,66,68,66,66,68,68,65,63,64,59,52,47,56,62,63,62,63,60,61,61,63,62,60,63,60,64,61,61,64,64,61,60,64,62,59,58,53,59,64,0,100,Sunday,9,5,0,NORTHBOUND,0
68,69,68,67,68,68,68,67,67,67,68,67,65,68,69,65,62,63,61,61,61,63,63,65,60,62,62,63,62,65,63,60,61,60,62,62,62,64,65,64,63,64,63,59,61,62,63,65,0,100,Sunday,9,5,0,NORTHBOUND,0
65,65,65,67,67,68,65,68,64,64,66,66,70,65,67,67,66,66,65,63,65,67,66,67,68,69,68,65,66,66,66,67,65,65,65,68,71,69,68,67,69,67,66,65,66,66,66,64,0,100,Monday,15,15,TO,NORTHBOUND,1
65,64,62,62,64,63,63,66,64,66,62,64,68,63,64,63,66,65,63,64,65,66,66,64,65,64,66,64,64,66,66,65,63,63,66,66,67,65,67,66,71,66,56,56,56,60,65,62,0,100,Monday,15,15,0,NORTHBOUND,1
65,66,66,66,66,66,65,68,66,68,65,65,67,66,64,65,65,67,67,67,68,68,66,66,65,65,66,65,66,67,66,67,69,68,69,69,64,69,68,64,66,64,62,54,59,66,67,66,0,100,Monday,15,15,0,NORTHBOUND,1
67,67,65,64,64,66,65,72,66,67,70,66,66,68,68,70,71,68,66,68,67,64,68,70,72,65,65,65,67,71,66,67,70,68,70,70,67,66,64,66,69,69,68,71,72,75,66,66,20,80,Friday,7,10,PAST,NORTHBOUND,1
66,69,67,64,68,66,64,66,65,65,67,63,65,67,68,67,66,65,65,68,68,64,66,68,68,66,66,65,72,71,68,70,66,65,70,71,68,67,66,67,71,70,68,71,68,73,68,69,0,100,Friday,7,10,0,NORTHBOUND,1
65,64,64,66,70,67,64,65,65,60,66,64,67,65,69,70,68,67,66,68,68,66,68,68,67,64,71,70,74,62,67,70,68,66,67,69,69,68,68,66,68,71,69,68,66,68,68,76,0,100,Friday,7,10,0,NORTHBOUND,1
68,69,69,70,70,69,68,67,66,67,68,68,68,68,70,70,69,70,67,69,71,67,69,67,68,69,69,69,68,72,70,68,66,66,66,68,69,69,69,70,71,70,68,67,68,67,72,71,33,67,Monday,16,50,PAST,NORTHBOUND,1
68,68,67,70,72,71,65,68,66,68,70,68,67,68,70,71,70,69,66,68,68,66,71,69,68,70,74,65,65,72,69,70,65,65,69,71,73,72,68,69,71,71,67,69,69,69,69,73,0,100,Monday,16,50,0,NORTHBOUND,1
64,65,68,70,67,68,66,67,66,66,67,68,69,70,71,71,69,68,70,68,69,67,70,70,68,68,71,66,70,72,67,69,67,69,71,71,71,71,69,68,70,68,65,69,71,71,69,71,0,100,Monday,16,50,0,EASTBOUND,1
66,70,69,65,66,68,69,71,71,68,69,69,68,68,70,68,69,68,68,69,70,71,71,68,68,66,68,67,69,68,67,69,69,69,69,69,67,68,68,69,72,70,69,70,68,68,69,67,60,40,Sunday,13,35,PAST,NORTHBOUND,3
65,70,70,65,66,69,73,68,69,71,69,69,67,67,67,67,69,67,65,65,65,70,71,66,69,65,67,67,68,67,66,70,70,67,71,70,72,69,69,71,74,70,67,71,70,68,69,67,0,100,Sunday,13,35,0,NORTHBOUND,3
70,70,70,67,67,68,70,70,70,68,70,69,68,67,67,67,68,67,67,68,69,69,70,67,70,68,70,69,69,69,68,70,72,67,67,68,70,68,66,68,72,70,68,70,69,69,70,67,0,100,Sunday,13,35,0,EASTBOUND,3
66,67,66,67,69,68,66,66,66,68,65,68,68,67,66,68,71,69,70,70,69,68,67,67,68,68,71,72,69,68,69,69,70,71,71,71,71,69,68,69,71,68,69,65,64,68,69,70,33,67,Sunday,17,45,PAST,NORTHBOUND,3
66,72,70,71,72,69,68,68,72,71,68,71,71,72,67,67,67,68,70,71,72,70,66,67,67,67,67,68,68,67,69,72,73,74,70,70,71,73,71,68,70,67,68,68,67,67,69,71,0,100,Sunday,17,45,0,NORTHBOUND,3
70,71,70,70,71,71,70,68,70,71,69,69,69,70,69,68,70,71,70,70,70,69,70,70,69,72,70,69,70,71,73,72,70,72,72,71,67,71,70,68,70,70,70,71,71,71,71,71,0,100,Sunday,17,45,0,EASTBOUND,3
68,70,70,69,69,70,70,68,73,69,68,70,69,69,70,70,71,69,68,64,67,70,70,69,69,70,71,71,71,70,67,66,70,68,69,70,70,70,72,69,69,70,71,70,69,70,72,70,0,100,Thursday,15,45,PAST,NORTHBOUND,0
67,69,71,69,69,72,69,62,69,70,70,69,68,72,67,68,72,66,66,65,66,68,67,68,68,69,69,69,72,71,70,69,71,68,69,71,72,70,69,65,70,68,67,70,70,72,71,73,0,100,Thursday,15,45,0,NORTHBOUND,0
69,69,72,70,69,70,71,66,70,70,70,68,67,70,68,69,71,69,70,67,69,70,70,68,69,68,67,68,71,73,72,68,71,70,71,71,70,69,70,67,70,69,69,71,70,68,72,73,0,100,Thursday,15,45,0,EASTBOUND,0
70,72,70,68,69,69,69,68,68,69,69,70,73,69,68,70,69,69,71,70,70,69,70,69,67,68,68,67,70,69,69,69,69,70,70,70,68,69,68,69,69,68,69,70,70,69,67,68,0,100,Tuesday,15,55,0,NORTHBOUND,1
68,70,69,67,67,69,70,69,70,73,73,68,70,69,66,69,68,68,67,67,69,69,69,69,68,71,72,73,70,69,67,68,70,70,71,73,70,71,71,65,69,69,67,70,70,68,68,73,0,100,Tuesday,15,55,0,NORTHBOUND,1
68,70,66,68,69,70,70,69,70,71,69,68,71,68,67,69,68,67,66,69,72,69,69,71,70,68,69,73,71,70,70,71,70,70,71,72,70,68,72,70,69,69,70,70,69,68,67,74,0,100,Tuesday,15,55,0,EASTBOUND,1
70,69,69,70,70,70,69,70,69,70,68,69,69,66,67,69,69,70,70,70,69,68,67,65,65,67,68,70,72,71,70,70,69,69,71,66,68,67,71,70,70,68,66,70,70,70,70,69,60,40,Thursday,16,10,PAST,NORTHBOUND,1
69,66,67,68,71,71,68,68,68,72,69,69,70,69,67,69,69,70,70,70,70,68,66,65,64,68,70,70,70,70,69,71,71,69,66,66,70,68,69,73,71,68,66,72,70,68,70,70,0,100,Thursday,16,10,0,NORTHBOUND,1
72,70,67,65,66,68,70,67,69,72,73,69,68,68,69,71,70,71,71,69,70,68,64,65,66,70,65,66,71,71,70,71,72,71,67,66,69,72,72,71,69,66,68,70,71,71,70,70,0,100,Thursday,16,10,0,EASTBOUND,1
68,68,70,69,66,69,72,69,70,70,69,68,67,68,70,69,70,71,69,68,67,68,69,68,66,66,66,67,69,70,69,67,68,69,68,67,66,66,67,68,67,68,69,69,69,67,67,68,33,67,Wednesday,17,40,AT,NORTHBOUND,1
62,69,65,65,71,71,67,64,65,63,63,64,64,67,69,71,69,67,67,67,67,65,68,71,68,68,66,71,71,67,68,67,69,70,67,67,68,66,66,66,65,68,69,69,69,68,69,71,0,100,Wednesday,17,40,0,NORTHBOUND,1
67,68,68,68,68,69,69,69,69,67,67,70,69,69,70,71,68,67,69,69,68,67,69,67,66,71,69,68,70,71,71,68,69,69,68,69,70,68,68,69,68,69,70,71,71,69,69,70,0,100,Wednesday,17,40,0,EASTBOUND,1
69,67,71,69,69,70,70,70,68,70,71,71,69,69,69,70,69,67,68,70,70,68,69,70,69,67,68,68,68,67,71,69,68,66,67,66,67,68,68,68,67,69,69,67,69,69,68,65,0,100,Thursday,17,5,PAST,NORTHBOUND,3
61,63,67,65,68,68,66,68,66,67,67,70,70,68,69,70,68,67,67,69,69,68,70,71,68,69,68,67,68,67,69,66,67,68,65,67,69,70,72,71,69,70,70,68,68,68,66,69,0,100,Thursday,17,5,0,NORTHBOUND,3
66,67,67,68,68,67,70,67,67,68,67,68,69,69,69,68,68,69,69,67,68,68,70,71,69,69,69,69,68,69,67,68,68,68,69,70,70,69,69,68,68,69,71,72,66,65,61,70,0,100,Thursday,17,5,0,EASTBOUND,3
69,72,70,68,68,69,69,69,72,70,68,68,68,68,68,68,68,69,68,69,68,66,67,70,71,71,70,71,70,69,68,69,69,68,71,69,70,70,67,67,68,68,66,67,67,65,66,65,33,67,Thursday,23,10,PAST,NORTHBOUND,3
71,69,68,69,71,70,69,69,73,68,67,67,69,67,68,70,68,68,69,74,72,63,61,73,69,67,69,72,71,68,67,67,65,67,65,58,65,71,68,67,65,63,66,66,63,67,69,67,0,100,Thursday,23,10,0,NORTHBOUND,3
71,68,67,71,69,68,68,68,70,71,70,70,70,68,68,69,68,71,72,73,68,64,64,74,67,64,68,72,71,68,67,68,68,69,71,69,72,71,68,67,66,66,67,66,64,69,69,67,0,100,Thursday,23,10,0,EASTBOUND,3
66,66,64,67,73,72,71,69,67,71,65,60,69,68,67,66,69,71,66,63,63,63,64,65,66,65,60,64,68,69,67,68,67,63,60,57,63,64,66,67,68,68,65,61,60,59,60,65,25,75,Saturday,3,0,AT,NORTHBOUND,0
69,68,68,70,73,73,71,72,72,72,69,70,70,69,70,69,72,73,67,66,66,65,66,67,65,65,66,68,66,67,65,65,66,65,61,60,64,65,73,74,72,68,64,64,64,64,64,67,0,100,Saturday,3,0,0,EASTBOUND,0
71,69,69,68,69,71,68,68,68,68,74,72,72,71,69,69,73,73,65,67,68,67,67,65,65,65,67,68,66,64,65,65,64,65,64,62,65,66,73,70,61,60,63,64,66,67,66,67,0,100,Saturday,3,0,0,EASTBOUND,0
57,58,64,59,53,60,57,59,61,59,57,61,61,67,65,65,69,73,75,71,67,67,70,71,69,68,67,68,71,71,69,71,73,75,73,68,63,66,70,68,65,63,63,61,59,66,67,58,25,75,Saturday,10,25,AT,NORTHBOUND,1
61,62,63,61,60,61,60,60,63,65,65,66,66,68,69,69,70,71,70,68,67,71,72,71,70,70,69,68,69,69,69,70,74,74,72,69,67,68,68,66,63,61,62,62,61,67,65,59,0,100,Saturday,10,25,0,EASTBOUND,1
61,62,61,59,63,62,63,57,62,68,65,68,64,64,74,69,68,69,69,67,66,68,71,69,70,69,68,72,72,68,66,68,71,68,66,67,66,66,65,63,62,61,59,63,66,65,61,58,0,100,Saturday,10,25,0,EASTBOUND,1
65,66,67,65,64,61,67,68,66,65,67,68,67,68,66,66,65,67,67,67,69,68,68,69,69,67,69,71,67,68,68,67,66,67,67,68,69,67,66,68,66,68,68,67,63,68,68,67,0,100,Wednesday,17,30,AT,EASTBOUND,0
65,61,64,60,61,61,63,61,62,64,63,61,62,64,63,61,62,62,63,66,67,66,64,62,65,63,62,63,62,63,65,62,64,63,63,63,61,61,63,64,66,65,63,62,57,64,66,67,0,100,Wednesday,17,30,0,EASTBOUND,0
66,61,67,62,66,65,68,65,67,70,70,63,58,63,64,63,63,65,67,67,66,66,66,64,66,66,69,64,64,67,67,66,67,66,66,67,67,69,69,68,71,67,66,66,63,68,68,68,0,100,Wednesday,17,30,0,EASTBOUND,0
71,69,70,70,72,72,72,70,70,69,68,69,68,71,66,65,65,63,67,64,63,61,62,63,68,70,67,66,66,63,65,64,64,67,66,64,61,62,63,64,66,65,68,67,66,63,62,63,0,100,Wednesday,21,50,BEFORE,EASTBOUND,0
68,65,67,64,69,65,67,65,66,67,65,67,67,68,66,63,59,61,62,61,63,61,62,61,62,63,61,62,63,63,64,60,61,62,61,61,62,60,56,60,60,57,59,59,57,57,56,55,0,100,Wednesday,21,50,0,EASTBOUND,0
69,68,69,67,66,64,69,67,67,67,66,69,68,71,69,68,59,64,67,70,71,67,67,64,62,64,65,64,65,65,68,60,64,64,66,64,60,60,57,54,50,54,49,43,46,50,53,48,0,100,Wednesday,21,50,0,EASTBOUND,0
68,67,66,73,68,69,73,67,66,70,70,67,67,68,69,68,70,72,72,74,72,71,71,69,67,65,66,68,67,66,70,67,70,69,66,65,66,67,66,68,68,69,72,69,66,67,71,70,0,100,Tuesday,8,25,BEFORE,EASTBOUND,0
67,67,67,73,66,65,73,70,68,68,68,67,66,70,70,70,69,69,71,75,70,70,68,66,64,62,63,65,65,65,65,65,69,68,65,64,65,67,67,67,65,64,70,65,72,66,67,66,0,100,Tuesday,8,25,0,EASTBOUND,0
61,64,66,69,68,66,71,68,68,72,71,66,70,73,73,70,66,66,70,71,69,68,67,67,68,65,65,66,65,68,64,66,66,66,67,66,65,67,68,69,67,64,71,66,70,67,71,65,0,100,Tuesday,8,25,0,EASTBOUND,0
67,68,70,70,67,65,64,66,67,68,65,63,63,64,66,66,66,64,65,66,64,66,65,66,66,67,68,68,65,67,68,68,68,68,70,67,63,67,70,67,69,69,68,67,66,63,68,70,0,100,Sunday,16,40,TO,EASTBOUND,2
66,66,66,64,63,64,63,63,65,63,64,64,62,61,65,63,60,60,61,67,62,62,62,64,64,64,63,63,65,66,62,61,66,65,66,64,62,64,65,62,64,63,66,67,65,60,66,67,0,100,Sunday,16,40,0,EASTBOUND,2
65,65,67,67,66,68,66,65,64,61,65,66,66,65,66,63,61,61,65,74,69,63,66,67,66,65,65,65,67,70,68,61,64,65,68,66,64,68,70,67,66,68,68,66,67,65,68,67,0,100,Sunday,16,40,0,EASTBOUND,2
65,68,69,67,68,64,69,71,67,69,71,68,64,60,63,65,65,66,69,68,68,71,69,65,66,62,63,64,64,65,63,65,68,68,66,67,70,71,69,66,65,67,65,64,64,65,66,68,0,100,Monday,22,50,AT,EASTBOUND,1
63,65,65,65,68,66,68,70,68,67,66,63,62,59,62,63,63,64,66,66,66,67,58,55,58,58,58,61,60,62,62,65,61,62,67,73,70,67,70,67,66,66,65,64,64,65,65,63,0,100,Monday,22,50,0,EASTBOUND,1
66,65,67,65,69,65,66,63,63,64,66,68,64,62,63,63,63,64,67,68,67,69,69,61,63,63,62,63,62,61,63,66,68,72,70,70,68,68,72,68,65,63,65,65,63,66,69,68,0,100,Monday,22,50,0,EASTBOUND,1
69,71,68,66,69,71,70,68,67,70,68,69,70,69,68,68,69,69,70,68,72,70,68,69,68,68,67,67,69,66,68,72,68,67,67,67,67,66,69,67,66,66,67,66,67,66,65,68,33,67,Tuesday,10,30,BEFORE,EASTBOUND,1
67,67,67,67,67,70,69,70,68,69,67,68,66,66,66,67,69,69,68,63,68,67,63,64,65,65,63,61,63,60,64,69,62,61,62,64,60,60,60,62,61,63,64,59,65,63,59,64,0,100,Tuesday,10,30,0,EASTBOUND,1
66,65,65,67,64,70,68,66,64,70,68,63,63,65,66,66,67,65,63,62,69,66,61,63,64,64,64,61,61,58,64,66,61,60,61,61,59,62,61,60,56,65,66,62,62,61,59,59,0,100,Tuesday,10,30,0,EASTBOUND,1
63,60,55,55,51,50,55,55,58,51,48,60,67,66,62,65,66,66,64,63,63,63,63,65,63,63,62,62,60,63,68,66,64,63,62,62,63,66,65,60,58,63,65,62,67,63,63,63,0,100,Thursday,21,25,AT,EASTBOUND,1
70,68,64,62,57,56,62,65,64,61,61,64,70,67,60,65,66,63,67,65,66,66,65,64,65,65,65,66,65,65,67,60,62,64,64,65,71,68,69,65,62,65,66,63,67,68,65,68,0,100,Thursday,21,25,0,EASTBOUND,1
69,70,66,65,64,66,68,69,66,67,65,64,70,65,64,64,64,64,64,63,69,66,66,62,57,57,62,63,57,61,61,54,57,61,63,57,62,61,62,60,59,60,62,62,63,63,55,60,0,100,Thursday,21,25,0,EASTBOUND,1
62,65,62,65,68,67,65,65,62,63,61,61,61,63,54,46,39,41,46,47,48,49,46,45,45,44,48,51,53,51,48,47,49,44,40,31,24,23,28,30,28,28,24,27,27,28,27,26,0,100,Thursday,22,15,0,EASTBOUND,1
60,69,66,66,68,68,67,68,64,63,61,53,60,54,39,36,26,39,41,43,51,53,48,49,50,52,61,64,55,54,57,57,32,17,8,5,5,4,3,4,6,8,5,5,4,5,6,6,0,100,Thursday,22,15,0,EASTBOUND,1
59,66,65,65,66,66,63,62,62,63,63,59,61,62,65,62,59,62,65,64,63,64,63,71,63,62,66,63,61,60,62,68,68,69,64,41,35,41,34,33,41,39,42,45,48,46,49,56,0,100,Thursday,22,15,0,EASTBOUND,1
68,66,65,66,64,63,64,63,61,63,65,66,65,64,65,64,62,62,63,61,63,65,61,66,64,63,63,65,66,62,59,62,62,63,62,63,65,65,64,64,64,64,61,61,66,63,58,65,33,67,Wednesday,16,5,PAST,EASTBOUND,3
72,68,67,69,67,65,64,65,66,66,67,68,66,64,66,65,63,64,66,64,67,70,64,66,66,65,66,66,67,65,62,64,62,64,65,63,63,67,68,67,65,65,63,63,71,66,62,66,0,100,Wednesday,16,5,0,EASTBOUND,3
66,64,63,65,69,68,63,65,64,62,61,64,66,63,65,66,65,63,64,67,65,67,61,64,64,64,61,61,62,61,63,65,61,61,62,61,60,63,66,64,62,61,64,63,63,65,61,65,0,100,Wednesday,16,5,0,EASTBOUND,3
62,63,61,63,65,61,66,64,63,63,65,66,62,59,62,62,63,62,63,65,65,64,64,64,64,61,61,66,63,58,65,60,52,57,62,66,64,62,65,64,61,64,67,65,65,66,66,64,33,67,Wednesday,16,5,PAST,EASTBOUND,3
64,66,64,67,70,64,66,66,65,66,66,67,65,62,64,62,64,65,63,63,67,68,67,65,65,63,63,71,66,62,66,67,62,64,64,62,63,63,65,67,67,69,71,68,66,66,65,65,0,100,Wednesday,16,5,0,EASTBOUND,3
63,64,67,65,67,61,64,64,64,61,61,62,61,63,65,61,61,62,61,60,63,66,64,62,61,64,63,63,65,61,65,67,64,65,64,65,65,64,66,66,63,69,70,68,64,63,64,64,0,100,Wednesday,16,5,0,EASTBOUND,3
66,66,64,63,64,63,63,65,63,64,64,62,61,65,63,60,60,61,67,62,62,62,64,64,64,63,63,65,66,62,61,66,65,66,64,62,64,65,62,64,63,66,67,65,60,66,67,67,33,67,Sunday,16,45,PAST,EASTBOUND,2
65,67,67,66,68,66,65,64,61,65,66,66,65,66,63,61,61,65,74,69,63,66,67,66,65,65,65,67,70,68,61,64,65,68,66,64,68,70,67,66,68,68,66,67,65,68,67,68,0,100,Sunday,16,45,0,EASTBOUND,2
67,66,67,66,65,62,63,63,59,62,62,60,60,63,62,61,58,67,72,67,64,65,64,64,66,64,63,65,69,68,64,65,67,69,66,62,64,66,66,65,66,70,65,65,64,68,66,66,0,100,Sunday,16,45,0,EASTBOUND,2
64,59,65,63,59,64,66,62,60,62,61,59,61,63,63,60,60,59,60,61,63,64,64,62,62,59,63,63,61,61,64,64,61,63,60,58,62,60,58,60,61,62,62,61,61,63,64,63,33,67,Tuesday,14,0,AT,EASTBOUND,0
66,62,62,61,59,59,67,68,64,63,62,61,62,58,62,62,60,64,62,60,60,62,63,66,61,59,59,60,64,62,64,64,62,61,61,59,61,64,63,63,61,60,59,59,61,64,67,63,0,100,Tuesday,14,0,0,EASTBOUND,0
68,58,58,59,62,58,62,64,62,61,59,60,61,58,63,63,59,62,63,64,63,62,63,62,61,59,57,65,65,62,63,64,61,60,64,63,59,61,64,62,60,59,58,59,60,62,65,61,0,100,Tuesday,14,0,0,EASTBOUND,0
64,64,65,65,66,70,71,67,67,66,69,70,64,66,68,70,73,70,73,64,69,67,67,71,72,70,71,71,69,66,65,68,71,72,66,68,70,70,71,70,67,67,69,67,70,68,64,64,33,67,Wednesday,8,0,AT,EASTBOUND,2
64,64,61,67,70,72,68,67,68,69,69,67,64,67,70,71,75,73,68,65,68,66,62,64,71,67,70,70,67,66,65,66,69,69,66,68,69,70,70,72,71,67,66,66,68,63,60,61,0,100,Wednesday,8,0,0,EASTBOUND,2
66,65,64,65,66,72,68,67,70,75,72,66,66,68,71,72,74,73,75,64,70,67,67,66,73,65,66,68,67,64,63,67,70,67,63,69,69,62,69,67,66,66,63,64,64,69,60,60,0,100,Wednesday,8,0,0,EASTBOUND,2
69,72,67,66,65,65,68,71,71,69,69,67,66,69,70,67,65,65,65,65,65,65,68,62,63,63,62,66,66,66,65,65,65,65,66,65,64,69,68,62,73,64,69,82,67,64,70,68,33,67,Saturday,1,25,AT,EASTBOUND,1
62,66,64,63,62,63,68,71,70,68,71,68,66,71,69,64,63,64,65,64,61,64,66,63,66,63,64,67,63,67,68,64,62,63,64,63,64,67,69,66,76,65,64,82,68,61,71,66,0,100,Saturday,1,25,0,EASTBOUND,1
69,68,62,61,63,65,68,72,72,67,70,67,65,64,63,63,65,67,66,64,67,67,70,70,66,62,65,67,63,69,70,70,67,64,66,67,66,69,69,68,74,68,67,78,71,63,69,68,0,100,Saturday,1,25,0,EASTBOUND,1
64,66,68,65,67,70,71,66,59,68,69,68,70,70,66,66,64,67,67,66,68,76,72,69,66,70,68,70,70,68,70,71,68,68,70,69,67,70,69,68,68,66,68,70,68,68,69,66,0,100,Tuesday,7,25,PAST,EASTBOUND,0
66,67,67,66,69,72,74,78,66,68,67,74,75,68,65,68,68,63,64,68,63,70,66,65,63,60,67,71,70,69,67,66,65,66,70,66,66,65,64,63,65,68,66,67,65,65,64,65,0,100,Tuesday,7,25,0,EASTBOUND,0
63,67,68,65,69,70,70,78,68,68,66,71,71,68,69,69,66,66,69,69,68,66,65,62,65,57,65,66,68,67,65,65,65,64,68,66,66,57,57,56,61,68,66,65,65,63,59,63,0,100,Tuesday,7,25,0,EASTBOUND,0
62,64,64,63,65,65,64,66,65,65,67,65,66,69,65,61,64,65,68,66,60,61,68,65,64,66,66,63,65,65,66,67,68,67,64,64,64,65,67,66,66,66,67,70,65,66,66,65,0,100,Monday,16,45,AT,EASTBOUND,0
60,66,66,65,64,62,61,64,64,66,64,65,64,62,61,61,64,64,68,64,61,62,60,64,62,64,65,65,65,65,65,66,67,65,62,62,62,65,68,64,61,62,64,67,64,62,62,65,0,100,Monday,16,45,0,EASTBOUND,0
62,61,62,65,62,58,60,61,61,61,59,61,60,60,60,62,63,61,64,59,57,61,65,62,60,60,60,62,62,60,58,59,64,63,59,62,63,65,66,64,62,59,60,59,62,60,62,63,0,100,Monday,16,45,0,EASTBOUND,0
69,74,72,68,65,65,69,71,68,65,69,67,66,66,64,68,71,67,64,66,69,67,68,70,64,65,70,70,66,65,66,67,66,64,67,65,62,67,64,65,66,69,66,70,69,66,65,65,33,67,Sunday,17,10,PAST,EASTBOUND,2
67,70,68,67,65,65,66,63,64,62,66,69,63,65,63,64,67,62,60,63,66,66,68,69,64,65,66,67,65,64,64,66,66,62,66,62,62,65,64,66,64,69,63,62,65,65,63,63,0,100,Sunday,17,10,0,EASTBOUND,2
64,69,68,64,59,60,63,61,61,61,62,63,58,61,64,59,66,60,62,62,63,63,65,66,61,60,63,67,62,59,59,63,64,60,64,62,61,61,58,62,63,65,60,61,65,65,63,61,0,100,Sunday,17,10,0,EASTBOUND,2
68,60,68,67,66,64,63,69,65,66,64,63,61,60,61,64,61,66,65,63,65,65,64,66,67,66,62,61,62,64,63,63,66,68,66,64,70,68,62,64,66,67,67,68,67,65,65,66,0,100,Wednesday,15,25,AT,EASTBOUND,2
67,60,67,66,64,62,61,68,66,66,64,60,59,58,60,63,58,63,63,61,64,69,70,64,64,63,63,59,60,62,61,60,60,68,70,64,69,67,60,63,65,65,63,66,67,67,67,64,0,100,Wednesday,15,25,0,EASTBOUND,2
65,60,66,68,67,66,64,65,64,64,62,60,57,57,62,63,62,67,65,64,64,65,66,65,62,65,63,61,62,62,62,61,63,68,69,67,71,68,56,62,65,65,65,67,66,67,66,62,0,100,Wednesday,15,25,0,EASTBOUND,2
59,62,69,69,69,68,65,65,66,69,64,64,69,63,62,64,62,63,62,58,58,62,62,61,63,65,67,62,64,64,62,61,60,62,65,63,62,63,64,62,60,61,63,65,65,64,66,55,0,100,Thursday,15,25,AT,EASTBOUND,0
59,62,66,64,66,65,63,65,66,67,64,62,67,65,57,58,61,64,62,60,61,60,61,62,62,63,63,62,65,64,62,58,59,61,62,59,60,62,65,62,61,64,64,63,66,64,64,59,0,100,Thursday,15,25,0,EASTBOUND,0
61,61,65,66,67,65,63,62,60,66,62,63,66,63,65,57,64,59,60,61,63,63,63,64,64,64,65,65,64,63,62,60,60,60,64,64,65,64,63,63,62,61,59,62,62,64,64,61,0,100,Thursday,15,25,0,EASTBOUND,0
58,65,62,58,61,66,62,65,69,67,63,60,62,62,61,66,67,68,67,65,65,63,64,63,64,67,65,65,64,65,63,67,67,64,65,65,65,67,65,65,64,63,63,60,63,64,67,65,0,100,Wednesday,17,35,PAST,EASTBOUND,2
58,63,61,63,59,69,61,61,66,64,62,62,62,62,64,64,66,67,64,62,64,62,63,63,69,67,67,67,65,63,64,67,67,66,66,65,65,64,62,65,64,64,64,63,66,66,66,62,0,100,Wednesday,17,35,0,EASTBOUND,2
65,64,63,62,67,69,65,64,67,64,61,62,61,62,65,66,66,66,65,64,63,63,65,65,66,64,67,70,69,67,66,66,68,67,66,67,67,63,62,64,66,65,64,69,69,67,67,65,0,100,Wednesday,17,35,0,EASTBOUND,2
71,70,69,71,71,69,69,69,69,68,63,66,70,67,69,70,64,67,69,70,71,66,71,69,67,67,67,64,63,64,64,66,68,68,70,69,66,66,68,71,69,66,70,71,66,69,68,69,33,67,Saturday,15,15,AT,EASTBOUND,1
70,71,69,70,71,68,68,71,65,66,63,66,70,68,68,69,67,67,68,72,70,68,69,69,69,69,69,64,64,64,65,70,71,71,69,66,66,67,67,65,67,69,70,72,70,68,69,68,0,100,Saturday,15,15,0,EASTBOUND,1
72,73,72,72,70,68,68,68,69,69,69,70,71,71,69,70,69,69,70,71,72,66,70,69,70,72,70,69,69,67,67,70,74,74,70,67,67,68,67,66,66,65,68,73,71,68,68,70,0,100,Saturday,15,15,0,EASTBOUND,1
72,71,71,69,68,73,61,64,67,69,71,69,69,71,73,72,71,70,70,70,68,70,71,67,66,70,70,66,64,67,70,69,68,64,72,71,73,62,65,68,69,69,71,72,69,67,67,68,67,33,Saturday,11,30,BEFORE,EASTBOUND,1
72,71,71,69,68,74,64,65,69,64,68,67,69,71,74,73,71,73,72,70,69,70,73,70,68,71,70,66,67,70,75,71,70,70,69,70,74,65,68,68,68,68,70,70,70,70,67,72,0,100,Saturday,11,30,0,EASTBOUND,1
74,72,72,69,68,74,68,69,79,71,69,69,71,73,73,71,71,72,72,73,71,68,71,68,66,69,73,73,70,68,70,72,69,70,69,70,73,67,69,68,69,69,69,69,69,71,69,69,0,100,Saturday,11,30,0,EASTBOUND,1
44,45,49,55,51,49,53,60,63,65,63,65,60,64,61,58,65,65,64,65,62,65,64,64,62,65,67,62,62,63,62,66,65,64,63,62,62,61,63,63,66,63,58,64,66,55,55,53,67,33,Monday,16,45,AT,EASTBOUND,2
48,45,50,61,59,61,60,65,64,66,63,63,62,63,65,62,64,64,63,65,63,63,67,65,66,65,66,62,63,65,65,67,65,64,64,62,61,64,65,66,63,64,57,66,66,64,64,62,0,100,Monday,16,45,0,EASTBOUND,2
59,61,59,58,62,61,66,62,62,62,61,64,61,62,62,56,58,61,62,64,62,58,63,62,63,66,66,61,70,66,66,67,65,63,62,56,54,63,64,60,60,64,56,62,59,63,66,67,0,100,Monday,16,45,0,EASTBOUND,2
47,44,46,47,46,47,48,47,47,44,41,50,51,50,50,50,48,48,48,55,55,52,51,51,45,45,47,46,45,43,42,41,42,42,55,53,55,53,51,50,51,50,51,50,50,54,54,51,33,67,Wednesday,11,15,AT,EASTBOUND,2
19,20,21,19,19,19,18,17,16,19,17,19,14,12,15,16,17,15,10,9,12,12,13,14,18,18,17,17,20,23,24,28,38,54,57,58,54,47,53,56,52,49,54,53,53,60,60,56,0,100,Wednesday,11,15,0,EASTBOUND,2
17,16,13,15,14,12,15,15,15,12,16,15,9,7,11,12,14,15,11,7,9,10,14,14,18,30,48,53,54,58,59,63,63,57,60,61,58,61,62,64,60,61,61,62,61,59,65,62,0,100,Wednesday,11,15,0,EASTBOUND,2
65,70,69,65,71,67,66,63,65,66,66,65,70,69,70,70,67,66,66,66,68,71,71,66,69,75,65,68,60,68,68,70,65,64,66,67,66,65,67,70,67,60,69,66,64,69,66,65,75,25,Wednesday,7,25,PAST,EASTBOUND,2
63,67,62,61,68,64,64,61,65,64,62,61,65,67,71,70,64,64,65,63,64,67,66,61,67,70,62,68,64,67,68,68,62,62,66,67,63,61,63,67,66,60,69,68,63,65,65,65,0,100,Wednesday,7,25,0,EASTBOUND,2
63,71,65,62,72,66,63,61,67,66,65,63,65,68,73,72,70,65,63,66,66,69,67,65,68,68,69,68,71,68,66,69,64,62,65,69,67,65,66,67,69,66,68,67,66,66,65,62,0,100,Wednesday,7,25,0,EASTBOUND,2
66,62,61,71,69,70,65,65,64,62,64,64,66,64,65,66,65,67,69,65,63,63,63,65,70,73,69,64,66,71,70,68,66,66,70,69,63,62,69,72,67,64,66,65,64,64,63,63,50,50,Friday,1,30,AT,EASTBOUND,1
62,61,60,61,68,67,62,61,61,61,63,59,58,62,63,66,64,64,66,65,64,63,63,64,67,71,69,64,62,63,63,64,62,63,66,66,61,58,66,73,67,63,64,60,59,59,62,67,0,100,Friday,1,30,0,EASTBOUND,1
66,63,63,67,63,65,64,66,68,67,65,61,63,64,65,66,64,63,64,64,64,61,63,66,67,65,62,61,65,68,68,65,63,64,68,68,63,61,67,73,69,72,69,64,62,63,65,66,0,100,Friday,1,30,0,EASTBOUND,1
66,67,69,69,69,66,61,65,65,62,61,65,73,78,68,62,64,69,71,73,70,66,67,67,69,72,71,67,63,65,67,67,68,67,70,70,69,72,69,67,69,71,67,67,69,68,68,69,50,50,Friday,7,40,PAST,EASTBOUND,2
59,60,61,62,66,65,65,65,61,58,65,59,67,69,63,62,63,66,65,65,60,61,64,64,67,69,67,67,61,60,64,65,65,66,67,68,68,66,67,60,66,70,64,68,71,69,68,68,0,100,Friday,7,40,0,EASTBOUND,2
63,61,62,63,65,65,67,67,64,63,63,61,68,69,65,61,62,70,64,63,64,64,63,64,67,68,66,66,62,65,68,67,64,69,70,67,67,66,64,66,66,71,64,67,70,73,73,71,0,100,Friday,7,40,0,EASTBOUND,2
65,63,59,61,61,59,61,62,63,66,69,67,63,63,63,61,64,62,61,63,63,62,64,64,62,65,65,63,63,63,62,63,64,65,61,60,63,63,64,65,68,66,63,63,66,65,58,56,67,33,Wednesday,16,25,PAST,EASTBOUND,2
67,64,64,62,63,64,59,60,63,72,70,60,63,62,61,62,65,63,61,63,64,62,62,63,58,64,66,63,61,62,64,63,62,65,60,61,68,62,63,65,66,65,63,66,68,63,57,55,0,100,Wednesday,16,25,0,EASTBOUND,2
64,63,61,59,64,66,62,62,65,69,67,61,63,61,60,62,66,64,62,64,63,61,63,64,60,63,66,64,62,63,64,63,59,64,61,62,65,64,65,65,66,65,64,66,67,62,58,60,0,100,Wednesday,16,25,0,EASTBOUND,2
60,60,60,60,60,60,60,60,60,60,60,60,60,61,61,61,61,61,61,61,61,61,61,61,61,61,61,61,61,61,61,61,61,61,61,61,61,61,61,61,61,61,61,61,61,61,61,61,33,67,Thursday,14,55,PAST,EASTBOUND,2
60,60,60,59,59,59,59,59,59,59,59,59,59,59,59,59,59,59,59,59,59,59,59,59,59,59,59,59,59,59,59,59,59,59,59,59,59,59,59,59,59,59,59,59,59,59,59,59,0,100,Thursday,14,55,0,EASTBOUND,2
63,64,65,65,59,59,62,63,61,61,60,62,63,63,65,65,63,64,68,62,68,66,64,66,66,64,63,67,59,62,61,63,62,64,63,71,63,61,66,67,65,63,62,61,61,61,62,63,0,100,Thursday,14,55,0,EASTBOUND,2
63,66,70,69,67,68,67,63,62,64,65,69,64,72,68,69,69,63,65,67,65,67,66,65,67,69,69,65,69,66,66,66,64,59,64,69,68,68,67,64,63,64,65,66,64,62,54,17,67,33,Wednesday,7,50,AT,EASTBOUND,3
64,64,64,64,65,68,67,63,64,66,67,65,64,70,68,66,66,67,67,66,65,69,72,70,68,71,71,69,70,68,67,66,63,64,67,67,68,66,66,63,65,65,64,68,67,64,56,12,0,100,Wednesday,7,50,0,EASTBOUND,3
69,69,66,63,61,63,67,64,66,66,66,63,64,68,72,68,66,66,67,67,71,69,69,69,67,70,72,69,67,68,69,65,64,67,66,68,68,67,65,65,66,64,64,66,66,67,68,55,0,100,Wednesday,7,50,0,EASTBOUND,3
64,62,59,61,68,61,65,67,64,61,59,59,60,64,66,65,67,67,64,66,67,66,67,64,63,64,64,58,70,64,63,68,59,61,66,64,63,65,66,65,58,61,66,67,66,21,12,21,67,33,Thursday,16,50,AT,EASTBOUND,3
61,61,61,60,67,62,66,65,66,63,61,63,64,66,67,64,68,69,65,67,66,65,67,64,64,64,66,65,66,66,64,68,66,67,67,66,64,64,65,62,60,65,64,64,67,21,6,5,0,100,Thursday,16,50,0,EASTBOUND,3
64,62,64,61,71,65,66,67,68,66,64,63,65,65,67,64,67,64,66,68,68,65,64,63,66,65,68,65,66,66,65,69,67,67,66,65,65,65,68,67,60,67,64,66,68,55,32,19,0,100,Thursday,16,50,0,EASTBOUND,3
65,68,65,65,66,66,67,62,59,59,61,64,65,63,60,61,61,64,72,70,65,67,71,70,67,58,64,63,67,62,62,63,66,64,64,62,60,60,60,62,64,65,68,67,64,64,63,61,67,33,Monday,2,50,BEFORE,EASTBOUND,1
70,71,67,69,66,67,68,61,59,60,61,63,64,60,59,61,62,62,71,69,67,69,74,75,71,61,64,63,67,67,65,66,66,65,65,64,63,64,62,63,66,65,68,64,63,65,64,64,0,100,Monday,2,50,0,EASTBOUND,1
68,64,61,67,63,65,67,64,62,59,59,61,59,54,55,59,61,65,66,62,65,66,68,66,61,58,63,60,63,67,66,67,67,66,65,61,62,64,60,59,61,66,68,62,62,62,61,66,0,100,Monday,2,50,0,EASTBOUND,1
66,62,59,58,64,64,64,62,59,61,63,64,64,61,63,60,61,65,63,66,62,64,63,65,62,63,61,60,61,65,69,64,64,63,64,62,67,63,62,69,70,67,65,62,62,64,63,61,0,100,Monday,15,50,TO,EASTBOUND,2
71,61,63,60,65,66,63,64,63,63,63,64,65,64,65,64,60,61,60,67,65,65,63,64,62,63,64,61,59,62,66,66,68,64,64,61,65,64,64,70,67,64,64,64,64,65,66,63,0,100,Monday,15,50,0,EASTBOUND,2
62,61,61,64,66,66,61,60,62,64,64,63,65,64,61,63,61,64,67,64,64,65,63,64,67,66,64,62,63,64,64,67,65,65,64,62,66,60,66,67,69,67,65,65,67,64,64,67,0,100,Monday,15,50,0,EASTBOUND,2
60,62,65,65,64,64,69,65,64,65,62,61,65,64,63,63,62,61,64,67,69,73,63,62,57,74,70,69,65,64,66,70,67,65,64,63,63,66,61,57,66,65,62,65,64,62,59,59,75,25,Tuesday,0,0,PAST,EASTBOUND,2
60,61,61,63,65,65,69,65,67,65,63,60,65,65,64,63,62,62,65,65,70,70,63,63,69,69,71,65,65,64,68,68,67,70,68,64,63,66,63,61,68,67,65,66,65,62,58,58,0,100,Tuesday,0,0,0,EASTBOUND,2
56,60,63,63,63,66,73,64,65,59,59,63,67,65,64,65,62,61,64,65,67,68,63,62,69,65,63,65,65,64,69,63,63,68,64,59,58,62,63,64,67,66,62,64,63,60,59,61,0,100,Tuesday,0,0,0,EASTBOUND,2
63,63,65,66,66,64,62,65,67,63,61,61,61,64,63,60,67,65,61,61,63,60,64,66,62,61,63,63,62,64,63,56,62,63,63,63,62,63,64,62,67,64,63,63,61,61,61,54,33,67,Thursday,12,55,PAST,EASTBOUND,1
67,63,64,66,67,64,63,67,65,61,60,62,67,65,66,62,66,63,60,62,64,62,64,65,63,62,63,65,62,64,64,62,66,65,64,62,60,61,65,66,63,64,62,63,62,63,61,56,0,100,Thursday,12,55,0,EASTBOUND,1
69,65,64,68,70,65,63,67,65,63,63,64,67,69,64,64,65,64,63,67,67,65,65,67,66,63,64,67,63,64,66,64,63,64,64,62,60,60,63,64,66,67,62,64,66,65,69,64,0,100,Thursday,12,55,0,EASTBOUND,1
61,60,60,59,59,60,60,60,61,62,60,59,56,59,64,64,62,62,66,65,68,70,71,76,73,64,64,72,68,65,67,66,63,66,67,68,63,68,66,71,69,71,71,71,73,69,68,71,0,100,Tuesday,6,0,BEFORE,EASTBOUND,1
61,61,59,56,54,56,61,61,62,62,59,67,63,64,65,63,63,64,67,66,68,70,71,77,73,64,67,77,67,66,67,67,63,65,68,67,63,69,70,70,69,71,72,72,73,73,71,69,0,100,Tuesday,6,0,0,EASTBOUND,1
59,59,59,57,55,56,58,59,62,67,67,69,68,64,63,61,65,66,64,63,64,66,67,69,68,63,64,68,63,65,67,69,69,66,66,66,61,65,71,67,69,72,70,69,72,68,69,71,0,100,Tuesday,6,0,0,EASTBOUND,1
65,68,65,64,65,62,63,63,65,64,60,65,64,65,65,63,63,63,64,65,64,63,64,64,63,64,62,67,62,61,67,64,58,60,61,69,65,64,63,62,61,61,62,60,58,68,63,62,0,100,Tuesday,12,45,TO,EASTBOUND,1
63,67,68,66,65,62,63,65,69,67,60,62,65,66,65,65,64,63,65,63,63,65,65,66,65,65,62,62,66,61,62,69,60,61,60,67,62,65,65,63,64,63,61,62,63,64,65,64,0,100,Tuesday,12,45,0,EASTBOUND,1
65,66,65,64,65,63,67,70,65,64,65,64,66,62,62,63,61,62,65,63,62,61,62,65,63,60,63,67,64,63,67,66,64,64,62,63,62,64,65,64,63,62,60,61,62,61,67,64,0,100,Tuesday,12,45,0,EASTBOUND,1
63,63,62,62,64,63,61,61,62,65,61,57,59,63,64,63,61,60,62,64,67,64,64,62,63,61,62,63,64,65,65,64,63,66,70,66,66,67,66,66,69,66,65,63,65,67,64,65,0,100,Wednesday,18,35,TO,EASTBOUND,1
63,66,66,63,64,63,61,59,63,65,61,63,65,64,64,63,61,63,66,62,66,61,59,66,65,63,62,63,65,67,66,68,71,66,67,64,70,66,64,64,69,69,68,67,67,68,67,69,0,100,Wednesday,18,35,0,EASTBOUND,1
65,68,68,65,61,63,64,60,64,65,63,64,66,69,68,65,63,64,66,65,67,66,61,63,64,64,63,67,68,66,68,70,71,69,75,62,71,63,64,60,63,65,65,65,68,67,66,70,0,100,Wednesday,18,35,0,EASTBOUND,1
64,64,64,64,64,64,64,64,64,64,64,64,64,64,64,64,64,64,64,64,64,64,64,64,64,64,64,64,64,64,64,64,64,64,64,64,64,64,64,64,64,66,71,70,69,64,71,65,0,100,Friday,19,50,PAST,EASTBOUND,0
68,68,68,68,68,68,68,68,68,68,68,68,68,68,68,68,68,68,68,68,68,68,68,68,68,68,68,68,68,68,68,68,68,68,68,68,68,68,68,68,68,68,68,67,68,66,68,72,0,100,Friday,19,50,0,EASTBOUND,0
66,66,66,66,66,66,66,66,66,66,66,66,66,66,66,66,66,66,66,66,66,66,66,66,66,66,66,66,66,66,66,66,66,66,66,66,66,66,66,66,66,67,68,67,68,67,72,74,0,100,Friday,19,50,0,EASTBOUND,0
60,65,64,58,57,61,62,61,62,64,63,70,62,66,66,64,61,64,63,60,67,60,62,60,61,64,65,65,64,64,65,65,67,64,66,60,65,65,65,70,63,62,63,64,63,67,67,66,33,67,Sunday,17,40,PAST,EASTBOUND,3
64,65,63,61,60,61,64,64,61,64,63,67,64,70,67,65,63,63,62,62,70,62,64,65,63,65,66,66,66,67,69,68,64,62,65,62,66,66,64,65,63,63,63,63,61,62,65,66,0,100,Sunday,17,40,0,EASTBOUND,3
64,64,64,65,64,63,68,70,62,63,62,66,64,67,65,66,62,67,65,63,68,61,68,65,64,65,64,66,69,70,70,70,64,64,65,64,68,65,67,68,67,65,66,66,65,62,64,66,0,100,Sunday,17,40,0,EASTBOUND,3
64,65,68,66,67,63,64,66,64,62,69,62,61,63,64,61,60,62,61,60,65,64,64,66,62,65,66,65,65,63,64,62,63,67,62,62,65,67,68,62,60,61,64,67,64,64,66,63,0,100,Monday,21,55,TO,EASTBOUND,2
64,69,70,66,65,67,67,68,66,66,68,63,62,62,64,64,65,65,63,61,62,67,71,67,63,64,66,68,67,67,65,64,65,54,62,64,66,64,67,63,61,63,65,67,67,66,66,64,0,100,Monday,21,55,0,EASTBOUND,2
65,69,69,68,67,69,65,71,63,63,64,65,61,59,61,62,62,64,65,64,63,69,70,63,65,64,63,63,63,64,62,67,64,55,65,66,66,66,68,65,62,61,64,65,64,66,69,66,0,100,Monday,21,55,0,EASTBOUND,2
68,67,69,69,68,66,69,67,62,68,67,64,64,67,67,67,67,67,68,63,66,67,66,65,67,65,69,63,66,65,66,67,66,67,65,65,69,66,71,69,69,68,65,67,66,60,64,58,0,100,Friday,16,40,PAST,EASTBOUND,2
72,65,69,70,69,68,72,70,62,70,73,72,70,68,67,66,68,64,69,67,68,69,68,67,70,67,69,65,68,65,64,66,67,66,66,65,69,67,69,69,70,68,67,67,65,60,62,66,0,100,Friday,16,40,0,EASTBOUND,2
70,68,67,70,72,69,67,70,60,68,69,73,73,70,67,65,69,65,72,67,67,68,67,66,69,68,72,65,71,69,66,64,64,68,69,67,69,66,68,68,70,68,67,68,66,65,64,68,0,100,Friday,16,40,0,EASTBOUND,2
60,63,70,73,63,63,69,71,69,66,66,64,66,68,66,66,66,62,62,63,64,69,66,63,64,64,66,69,70,70,70,71,71,67,67,66,65,66,63,64,68,64,66,64,65,68,64,60,33,67,Sunday,7,0,AT,EASTBOUND,3
59,63,68,70,64,67,73,72,68,64,68,66,70,71,68,67,67,61,69,59,63,64,63,62,64,65,68,70,70,71,73,71,71,68,68,67,66,68,66,66,70,67,70,63,64,70,66,67,0,100,Sunday,7,0,0,EASTBOUND,3
58,65,66,65,61,63,72,69,65,64,65,64,67,66,66,65,62,67,69,60,64,67,67,65,64,64,66,68,69,70,72,67,60,64,67,67,66,69,67,65,68,64,63,65,63,66,69,71,0,100,Sunday,7,0,0,EASTBOUND,3
68,65,62,65,63,62,64,67,68,67,65,63,64,63,66,69,67,64,66,69,70,65,67,69,68,68,67,65,65,63,63,64,62,60,63,65,59,63,65,63,61,64,65,62,63,62,62,62,33,67,Thursday,19,55,AT,EASTBOUND,3
68,66,65,66,64,63,65,66,67,66,66,65,65,64,69,69,67,66,67,69,71,68,68,66,65,67,65,63,68,64,66,64,63,61,65,64,64,65,67,65,67,68,68,65,63,64,68,65,0,100,Thursday,19,55,0,EASTBOUND,3
71,69,68,70,68,67,66,68,70,70,70,66,67,65,68,68,66,66,69,70,67,70,69,66,66,68,65,63,66,66,64,62,64,63,67,64,62,66,64,65,68,67,66,66,64,65,68,62,0,100,Thursday,19,55,0,EASTBOUND,3
66,61,63,66,75,69,59,67,64,64,64,65,66,66,66,65,67,63,62,68,71,67,67,71,71,72,72,68,66,69,71,65,67,70,68,69,72,71,67,63,67,66,65,68,69,69,66,66,33,67,Friday,7,50,BEFORE,EASTBOUND,3
67,62,64,65,75,69,62,66,71,69,66,64,65,66,66,64,66,64,64,66,68,65,67,70,69,67,65,64,61,70,65,66,68,69,70,71,67,68,68,64,70,69,61,70,71,66,64,64,0,100,Friday,7,50,0,EASTBOUND,3
64,62,62,68,76,69,67,67,70,69,66,66,67,67,66,63,69,64,63,66,67,64,68,71,66,66,70,66,67,71,63,66,68,70,71,71,72,72,70,62,73,72,65,70,69,66,66,65,0,100,Friday,7,50,0,EASTBOUND,3
65,65,64,66,67,65,62,64,66,63,64,65,63,67,63,62,62,61,60,63,63,66,68,68,73,66,63,61,57,62,65,64,63,66,64,63,64,66,65,63,64,63,62,64,62,60,62,63,25,75,Wednesday,18,5,BEFORE,EASTBOUND,1
65,63,64,68,67,66,66,66,65,65,62,66,65,67,64,66,66,63,64,69,67,67,70,68,72,67,63,64,65,65,70,69,68,66,67,65,65,67,65,62,64,64,62,62,62,62,62,64,0,100,Wednesday,18,5,0,EASTBOUND,1
64,62,65,65,67,69,68,65,68,68,67,67,64,69,66,67,66,63,60,67,69,67,67,66,65,65,66,63,62,64,70,69,69,66,67,66,69,69,64,63,66,65,62,64,65,64,62,62,0,100,Wednesday,18,5,0,EASTBOUND,1
67,69,69,68,69,68,66,69,66,74,68,70,68,68,66,67,67,66,66,64,65,67,66,68,69,64,62,66,66,69,66,67,66,66,66,66,66,65,66,67,64,67,65,63,65,65,67,61,0,100,Sunday,10,35,AT,EASTBOUND,1
65,69,70,68,69,68,72,70,67,70,68,69,70,70,70,70,67,68,66,66,69,72,69,72,72,65,70,62,67,69,69,71,71,67,68,70,69,66,67,66,65,65,66,62,63,64,68,64,0,100,Sunday,10,35,0,EASTBOUND,1
67,68,68,69,67,66,70,71,68,71,64,68,68,64,70,69,64,67,65,66,67,66,67,69,69,64,71,59,66,68,70,66,65,67,67,70,71,67,65,64,66,64,64,58,62,59,65,64,0,100,Sunday,10,35,0,EASTBOUND,1
61,56,60,62,61,58,56,58,61,59,56,57,58,59,63,64,60,59,61,65,62,57,58,56,63,60,62,63,63,60,61,65,65,62,64,67,66,58,62,61,63,65,67,66,61,64,62,57,67,33,Monday,15,0,PAST,EASTBOUND,2
69,66,65,67,68,66,65,65,63,65,65,65,67,66,62,65,69,66,67,67,64,65,64,64,66,63,67,69,66,65,66,67,67,63,61,67,67,66,65,65,64,63,66,68,67,65,64,62,0,100,Monday,15,0,0,EASTBOUND,2
67,67,63,64,66,67,67,67,66,66,66,67,67,68,67,65,67,67,67,66,65,66,63,62,67,64,68,71,68,67,66,64,66,67,66,70,71,66,65,68,68,68,69,68,65,65,61,65,0,100,Monday,15,0,0,EASTBOUND,2
64,64,65,66,67,66,67,68,68,68,67,66,65,67,68,66,69,70,68,66,68,68,66,65,65,67,70,68,66,71,71,72,70,67,65,66,66,64,64,63,63,64,65,69,67,70,67,66,0,100,Sunday,13,40,ON,WESTBOUND,2
67,68,67,66,65,66,68,68,69,70,67,66,66,67,68,65,70,71,72,68,68,68,69,69,67,67,71,70,69,72,69,70,70,68,67,67,67,66,65,66,69,68,66,70,67,67,69,69,0,100,Sunday,13,40,0,WESTBOUND,2
67,68,66,68,66,66,71,73,71,70,69,68,69,67,67,68,70,71,73,65,65,70,71,70,68,69,73,71,68,69,69,70,70,69,68,67,68,67,67,67,71,70,71,69,67,64,66,66,0,100,Sunday,13,40,0,WESTBOUND,2
51,61,56,56,58,56,56,58,58,56,58,61,57,60,62,61,58,66,65,65,64,61,64,64,65,67,68,67,64,65,61,59,52,47,48,49,51,43,35,38,57,68,67,63,59,58,62,61,0,100,Monday,16,45,TO,WESTBOUND,0
73,67,65,65,64,65,65,66,67,68,69,68,67,67,67,66,65,69,70,69,67,65,67,67,70,68,67,68,65,64,60,64,65,66,70,67,70,71,70,64,70,70,69,68,67,67,67,67,0,100,Monday,16,45,0,WESTBOUND,0
70,67,68,67,66,68,68,68,67,67,69,69,69,65,66,65,66,67,67,68,68,67,69,69,68,66,67,69,66,65,68,66,68,69,69,70,68,68,69,69,70,70,69,70,69,68,67,69,0,100,Monday,16,45,0,WESTBOUND,0
66,55,52,67,67,64,64,66,67,69,68,66,67,68,67,67,70,67,70,68,66,69,67,65,70,66,62,65,67,66,65,64,65,63,64,64,66,65,72,68,66,68,63,63,64,62,60,60,33,67,Saturday,1,50,PAST,WESTBOUND,0
66,63,62,66,69,66,65,66,67,67,65,64,66,67,68,67,71,69,63,72,66,72,71,68,66,67,65,66,68,69,68,66,65,65,67,66,72,67,71,71,67,69,69,66,65,64,65,68,0,100,Saturday,1,50,0,WESTBOUND,0
64,67,67,65,67,68,69,68,68,64,62,66,68,68,70,72,68,67,64,71,65,73,70,74,69,70,69,66,66,68,67,66,66,68,67,68,69,68,64,71,66,65,69,66,64,64,67,69,0,100,Saturday,1,50,0,WESTBOUND,0
67,67,63,60,64,63,62,61,65,63,63,67,69,67,64,65,62,65,67,68,66,64,65,69,69,65,63,64,66,71,62,61,59,64,63,66,63,59,58,57,59,61,60,59,60,59,64,64,0,100,Wednesday,8,5,0,WESTBOUND,2
65,63,60,61,65,64,63,64,65,63,66,71,72,71,67,64,64,70,71,69,70,70,68,70,71,67,65,67,65,69,67,64,60,68,64,67,65,64,63,61,61,63,65,61,63,63,66,66,0,100,Wednesday,8,5,0,WESTBOUND,2
69,68,66,64,64,64,63,65,65,63,67,69,71,71,66,62,65,70,70,68,67,68,67,68,71,68,64,67,65,67,64,64,65,70,70,69,66,66,66,66,68,68,67,68,68,68,68,67,0,100,Wednesday,8,5,0,WESTBOUND,2
68,64,62,62,62,61,64,66,65,69,71,66,66,67,64,70,73,64,65,66,66,66,63,60,60,60,58,59,58,57,62,56,52,52,54,57,59,58,57,59,59,59,64,66,60,61,61,62,0,100,Saturday,11,45,TO,WESTBOUND,0
69,65,63,62,63,69,67,69,66,71,73,69,68,66,64,69,71,68,69,71,70,68,66,65,64,64,62,58,61,62,63,62,59,61,59,61,60,60,64,64,62,63,68,69,67,66,68,67,0,100,Saturday,11,45,0,WESTBOUND,0
66,67,67,65,65,68,66,68,67,71,72,71,70,67,64,66,67,69,69,70,69,66,62,62,64,65,60,58,64,59,64,62,61,64,61,59,58,59,62,63,61,63,66,65,66,70,70,67,0,100,Saturday,11,45,0,WESTBOUND,0
63,64,69,67,63,59,59,64,65,64,66,65,65,64,61,63,63,65,66,62,61,65,66,65,63,60,61,62,62,58,61,63,62,61,62,62,64,66,65,65,58,63,60,59,60,61,62,62,0,100,Wednesday,17,5,0,WESTBOUND,1
68,68,71,73,68,66,66,66,68,70,69,67,67,68,69,65,65,64,65,66,67,66,66,64,69,68,67,66,67,64,67,67,65,66,67,67,68,68,67,65,63,64,63,64,64,63,63,65,0,100,Wednesday,17,5,0,WESTBOUND,1
71,69,67,70,69,69,70,69,70,71,68,64,68,67,67,66,67,65,65,68,67,68,66,68,74,65,68,69,65,67,69,69,69,70,70,68,66,67,67,65,69,64,63,64,65,64,67,68,0,100,Wednesday,17,5,0,WESTBOUND,1
25,25,23,22,24,25,25,31,36,37,41,43,51,58,63,63,64,64,63,66,66,65,65,69,67,67,66,65,65,73,70,67,67,66,67,68,64,62,67,65,67,64,63,66,62,59,63,59,33,67,Monday,20,50,AT,WESTBOUND,1
40,52,56,57,60,61,63,63,63,66,68,65,64,64,64,64,66,67,66,69,72,68,67,69,68,68,67,68,68,70,70,68,69,70,69,68,67,68,70,69,70,68,70,71,68,68,69,67,0,100,Monday,20,50,0,WESTBOUND,1
66,63,64,62,60,61,62,62,65,67,66,66,65,64,65,64,65,68,67,68,69,65,69,68,67,66,65,65,67,69,67,68,68,66,66,66,66,64,67,68,68,65,64,66,67,66,64,67,0,100,Monday,20,50,0,WESTBOUND,1
73,72,67,63,63,68,68,65,66,68,67,60,58,66,70,65,62,62,64,64,73,80,71,66,66,62,60,64,68,64,63,62,65,66,64,62,61,64,73,66,69,66,66,66,68,68,65,64,100,0,Wednesday,5,30,ON,WESTBOUND,1
69,68,65,63,68,73,71,68,67,68,66,64,63,64,67,67,65,66,66,66,66,68,66,64,64,62,61,67,67,66,65,63,64,66,65,63,63,63,68,77,73,68,69,72,72,71,68,69,0,100,Wednesday,5,30,0,WESTBOUND,1
65,63,63,65,66,68,68,65,66,67,64,63,65,65,64,65,67,66,65,63,62,59,60,66,68,62,64,68,67,66,64,60,63,65,65,62,61,63,68,73,71,71,71,74,72,70,68,68,0,100,Wednesday,5,30,0,WESTBOUND,1
62,65,60,58,61,61,59,57,61,67,68,66,64,67,65,65,60,61,62,60,58,58,56,55,62,61,57,53,59,56,61,60,59,62,61,60,52,57,55,57,55,54,54,53,55,54,50,52,0,100,Monday,7,55,0,WESTBOUND,1
62,63,62,61,63,62,60,64,65,65,67,65,64,66,67,64,61,63,65,63,59,58,58,55,59,59,61,60,62,57,61,63,63,64,59,54,52,57,58,55,55,57,57,58,60,57,56,59,0,100,Monday,7,55,0,WESTBOUND,1
64,65,62,61,61,62,62,67,68,67,68,67,65,66,69,68,67,64,64,66,65,59,59,61,64,62,63,61,63,65,63,63,65,65,57,50,56,57,63,62,58,60,61,61,61,60,58,58,0,100,Monday,7,55,0,WESTBOUND,1
46,54,61,67,66,62,34,65,62,62,61,57,52,47,50,54,49,39,33,30,22,20,26,31,43,55,58,59,57,55,54,49,60,60,59,57,61,66,64,59,60,62,65,60,58,59,59,54,33,67,Wednesday,19,55,PAST,WESTBOUND,3
62,62,64,66,65,65,58,63,60,59,60,61,62,62,61,58,54,52,51,49,45,47,52,57,60,61,61,61,62,60,62,60,63,66,66,63,66,67,64,62,63,64,66,64,64,60,66,66,0,100,Wednesday,19,55,0,WESTBOUND,3
67,67,68,68,67,65,63,64,63,64,64,63,63,65,64,61,59,57,56,61,59,63,64,64,64,64,66,67,64,65,64,62,59,63,65,66,68,70,71,67,64,63,65,67,69,66,69,71,0,100,Wednesday,19,55,0,WESTBOUND,3
62,60,57,62,63,60,62,61,60,58,63,65,62,61,63,64,63,59,59,60,58,60,61,58,61,66,61,65,60,61,63,57,58,64,62,60,58,58,61,61,59,61,64,67,64,63,58,63,33,67,Friday,23,50,AT,WESTBOUND,0
62,63,62,65,65,64,63,62,63,62,63,66,63,62,63,63,68,60,61,63,66,65,65,65,64,66,63,65,64,62,67,62,67,61,62,59,58,63,66,65,62,63,68,74,69,67,64,64,0,100,Friday,23,50,0,WESTBOUND,0
67,64,65,67,66,66,64,63,64,64,65,67,65,63,65,64,66,63,64,66,69,69,68,67,67,68,66,67,68,64,71,63,67,65,65,64,66,67,67,66,63,63,69,71,64,71,68,64,0,100,Friday,23,50,0,WESTBOUND,0
63,63,63,64,61,61,63,64,60,62,67,68,65,62,63,63,63,66,65,64,63,60,64,63,66,67,65,63,63,60,57,61,63,60,55,60,63,63,66,67,49,54,59,58,58,56,47,30,0,100,Monday,15,25,0,WESTBOUND,2
61,62,64,65,65,65,69,67,57,62,68,68,71,63,68,65,64,69,63,59,66,65,65,68,67,68,68,67,65,61,60,65,64,66,63,65,66,66,69,66,68,67,67,67,64,66,68,64,0,100,Monday,15,25,0,WESTBOUND,2
62,62,65,65,65,64,69,67,59,64,68,65,70,63,63,63,64,67,62,59,64,62,65,68,66,66,67,66,63,61,62,64,65,64,66,67,65,66,64,63,70,70,66,67,67,65,66,65,0,100,Monday,15,25,0,WESTBOUND,2
62,62,62,60,56,61,63,65,66,65,67,68,65,67,65,65,63,66,65,65,65,65,65,63,61,65,66,61,66,64,62,63,64,66,61,64,51,55,58,58,57,63,59,56,57,60,61,57,0,100,Wednesday,8,50,0,WESTBOUND,3
63,64,63,61,62,65,64,66,65,65,70,71,67,71,66,65,63,65,66,67,69,70,67,62,63,65,67,62,64,67,66,63,66,61,55,66,55,54,62,65,61,62,59,58,58,58,58,59,0,100,Wednesday,8,50,0,WESTBOUND,3
64,67,68,63,63,64,64,66,66,66,70,72,70,70,67,66,65,67,74,73,68,63,60,61,63,64,66,63,64,68,68,63,63,62,57,67,58,55,57,55,63,62,59,58,58,58,58,60,0,100,Wednesday,8,50,0,WESTBOUND,3
68,69,69,74,74,73,76,69,66,67,66,68,69,69,69,69,69,69,69,61,66,71,68,66,68,67,68,69,67,63,70,76,66,66,69,68,67,66,65,64,64,66,66,70,70,71,66,43,50,50,Thursday,9,30,AT,WESTBOUND,2
67,69,66,70,71,71,63,66,65,65,61,65,69,70,70,69,68,65,66,64,65,70,69,67,70,71,71,68,68,69,69,72,66,66,63,64,69,68,66,66,68,71,68,65,70,73,68,66,0,100,Thursday,9,30,0,WESTBOUND,2
65,64,63,77,70,69,67,64,64,61,56,59,65,65,62,61,63,65,65,63,63,67,69,67,64,65,65,64,62,62,64,68,62,65,61,60,64,64,65,65,64,63,63,58,65,65,61,62,0,100,Thursday,9,30,0,WESTBOUND,2
62,62,65,66,65,64,58,61,67,66,67,65,64,66,70,65,64,63,66,66,65,66,72,65,66,66,66,79,72,67,70,71,71,70,68,69,69,66,68,66,68,65,66,71,73,71,67,67,50,50,Monday,7,35,AT,WESTBOUND,2
71,69,66,69,67,66,61,63,69,67,66,65,65,64,66,66,66,70,69,66,65,68,70,65,66,64,68,73,70,66,72,75,74,70,68,70,70,69,69,66,67,64,66,69,71,72,69,65,0,100,Monday,7,35,0,WESTBOUND,2
72,63,64,70,65,63,61,61,62,63,61,60,62,64,64,64,62,66,69,63,64,72,68,64,68,65,66,70,67,63,70,69,68,66,65,65,65,66,66,65,64,67,65,66,68,68,66,64,0,100,Monday,7,35,0,WESTBOUND,2
61,63,68,68,66,57,59,66,75,74,73,70,59,64,81,77,65,62,61,62,64,64,62,64,65,64,64,65,63,63,63,63,59,57,61,65,66,64,63,62,61,64,66,65,66,66,64,61,50,50,Saturday,6,40,PAST,WESTBOUND,2
61,63,67,65,64,59,62,65,68,65,62,62,59,63,78,74,61,60,64,63,63,62,65,70,71,66,65,66,65,63,64,64,58,56,58,63,66,65,61,58,59,63,64,66,68,64,60,60,0,100,Saturday,6,40,0,WESTBOUND,2
64,65,65,65,59,61,65,67,68,68,67,62,57,62,79,75,62,63,67,64,62,62,66,71,69,64,66,68,64,62,62,56,57,60,59,62,67,65,63,62,62,66,67,68,67,64,64,62,0,100,Saturday,6,40,0,WESTBOUND,2
65,66,66,66,67,69,68,69,68,66,66,67,66,66,64,61,59,64,65,67,65,64,65,67,66,66,66,66,66,67,68,67,66,65,66,66,69,68,68,70,68,67,67,69,70,66,67,67,0,100,Sunday,15,50,0,SOUTHBOUND,1
70,68,70,70,70,71,70,72,72,69,70,71,70,71,67,67,63,68,67,68,67,65,67,69,68,69,69,68,68,69,69,67,69,67,72,72,70,72,73,74,73,72,71,71,72,70,69,68,0,100,Sunday,15,50,0,SOUTHBOUND,1
69,69,67,66,68,69,69,69,67,65,67,69,68,69,68,67,62,59,64,68,65,68,69,69,68,68,68,67,66,67,68,68,68,66,69,66,66,70,68,70,71,71,71,69,69,69,66,66,0,100,Sunday,15,50,0,SOUTHBOUND,1
64,59,64,67,66,67,65,65,67,68,65,59,62,63,62,64,66,61,61,60,63,62,61,62,61,61,63,66,66,65,67,67,67,61,64,66,63,67,66,65,67,68,66,65,64,64,64,62,25,75,Thursday,15,10,BEFORE,SOUTHBOUND,2
68,66,68,68,70,68,68,69,69,69,67,64,65,66,68,66,68,67,67,66,67,67,67,66,68,69,68,68,69,67,68,69,70,68,69,71,69,72,69,69,69,69,69,68,69,69,69,67,0,100,Thursday,15,10,0,SOUTHBOUND,2
67,68,71,69,68,67,67,67,68,67,66,65,65,67,66,66,64,65,66,64,67,68,66,64,68,69,66,67,67,66,68,68,70,67,68,69,70,70,68,68,68,67,67,68,67,67,68,67,0,100,Thursday,15,10,0,SOUTHBOUND,2
66,67,69,75,75,66,65,66,67,68,77,70,70,67,66,63,64,68,68,69,67,68,73,71,70,72,73,73,72,71,72,68,70,71,69,69,70,72,71,70,73,74,73,73,73,73,72,70,60,40,Friday,7,30,BEFORE,SOUTHBOUND,2
70,69,70,76,76,68,66,68,68,69,75,70,68,67,68,68,72,74,70,69,69,70,74,73,71,74,75,75,74,73,72,71,71,71,72,72,74,74,73,74,75,75,76,77,76,75,74,72,0,100,Friday,7,30,0,SOUTHBOUND,2
69,69,70,70,66,64,66,69,68,67,72,68,65,69,68,68,69,69,67,68,68,69,73,72,69,70,73,72,72,70,73,70,69,70,70,70,69,68,69,70,72,73,75,74,73,72,73,71,0,100,Friday,7,30,0,SOUTHBOUND,2
67,68,69,68,68,70,68,67,69,68,67,69,69,71,67,70,71,70,68,69,71,70,69,70,70,72,69,70,70,68,68,69,68,69,71,69,69,70,67,70,67,68,68,69,69,70,70,68,25,75,Tuesday,21,0,BEFORE,SOUTHBOUND,2
72,71,69,69,69,71,70,71,73,72,69,72,71,73,71,76,74,74,73,72,71,70,69,71,71,72,69,71,73,72,70,70,70,71,71,70,72,71,69,70,69,72,72,73,71,69,70,70,0,100,Tuesday,21,0,0,SOUTHBOUND,2
69,71,70,68,68,68,68,70,71,69,69,70,70,69,69,70,71,70,68,69,70,68,68,67,65,70,69,66,69,69,69,69,68,68,68,64,55,68,66,67,70,69,67,70,69,68,67,67,0,100,Tuesday,21,0,0,SOUTHBOUND,2
66,67,67,68,68,66,66,66,64,64,67,65,66,70,68,69,65,64,67,69,67,64,68,68,65,67,67,66,66,69,67,66,65,65,67,71,69,62,63,70,63,65,67,69,72,83,77,66,20,80,Thursday,2,10,BEFORE,SOUTHBOUND,2
67,67,69,71,72,71,69,69,65,66,71,68,72,70,70,69,68,67,68,71,68,64,67,70,68,69,71,68,69,71,71,70,69,67,68,70,69,66,68,76,66,68,69,70,73,83,79,66,0,100,Thursday,2,10,0,SOUTHBOUND,2
66,64,67,68,69,67,66,67,65,65,67,67,66,67,76,68,64,64,65,67,65,64,67,71,69,67,68,67,65,67,66,65,64,63,64,67,67,68,69,70,60,66,70,70,69,78,75,62,0,100,Thursday,2,10,0,SOUTHBOUND,2
67,66,65,67,62,65,65,65,66,65,67,70,67,66,70,69,68,68,66,67,68,67,68,68,68,68,66,65,66,65,67,66,68,69,69,67,67,66,61,65,69,65,66,66,66,67,66,64,0,100,Thursday,16,10,BEFORE,SOUTHBOUND,1
67,67,68,70,69,70,69,68,68,68,70,73,69,69,71,71,68,67,68,69,69,69,69,68,70,71,70,70,70,68,69,69,69,71,71,68,67,68,67,67,66,68,69,67,69,66,68,69,0,100,Thursday,16,10,0,SOUTHBOUND,1
67,68,67,69,67,68,69,68,68,70,69,70,70,67,68,70,68,67,67,69,67,69,69,69,69,70,71,69,68,70,67,68,69,69,69,67,67,67,67,67,65,66,67,67,67,66,68,69,0,100,Thursday,16,10,0,SOUTHBOUND,1
68,69,70,71,71,69,69,70,69,69,69,69,68,69,69,68,68,69,68,69,71,71,70,71,71,69,68,68,67,67,70,71,68,70,69,68,66,67,69,70,70,71,70,65,67,70,68,73,20,80,Saturday,21,45,PAST,SOUTHBOUND,1
71,72,73,73,71,69,70,70,71,72,72,71,70,70,70,70,70,72,66,69,73,73,73,73,74,70,71,72,69,69,72,71,67,69,71,71,71,69,73,77,72,72,70,68,66,71,68,76,0,100,Saturday,21,45,0,SOUTHBOUND,1
70,71,71,70,69,67,68,70,70,70,71,71,68,66,69,67,67,68,67,68,73,69,69,69,70,67,66,67,67,67,69,70,70,69,69,69,70,69,69,72,71,68,68,68,68,70,65,73,0,100,Saturday,21,45,0,SOUTHBOUND,1
67,67,67,67,71,63,67,66,68,68,67,69,67,66,67,68,67,67,68,68,67,68,67,67,67,66,66,70,67,70,65,68,70,67,69,67,67,68,68,68,68,68,68,65,65,67,67,67,25,75,Sunday,17,40,BEFORE,SOUTHBOUND,1
69,70,68,71,71,68,70,68,71,71,69,70,69,70,71,70,69,69,70,70,69,70,68,68,69,68,69,70,68,68,68,73,72,69,71,71,68,69,70,70,69,69,70,71,70,67,69,68,0,100,Sunday,17,40,0,SOUTHBOUND,1
70,67,66,70,70,67,67,68,71,70,71,70,68,68,69,69,68,68,68,68,68,67,69,68,67,69,69,67,66,67,69,71,70,67,69,70,67,68,68,68,67,68,68,66,68,66,66,69,0,100,Sunday,17,40,0,SOUTHBOUND,1
68,61,67,67,65,65,66,66,66,69,71,70,69,69,69,70,70,68,69,70,74,73,72,72,72,71,70,72,70,73,71,72,71,69,70,71,71,69,72,70,67,67,67,66,65,62,61,64,25,75,Tuesday,7,0,AT,SOUTHBOUND,1
65,61,65,67,68,68,67,64,66,68,69,68,70,69,68,69,70,69,69,69,70,72,73,74,74,72,72,73,73,70,69,69,70,71,70,69,70,70,70,67,65,65,65,61,53,49,44,42,0,100,Tuesday,7,0,0,SOUTHBOUND,1
68,62,68,70,72,71,70,69,71,72,70,71,72,74,73,71,72,72,69,71,71,72,74,76,74,72,74,76,73,71,72,72,72,73,73,72,74,72,71,69,69,69,67,64,62,36,43,45,0,100,Tuesday,7,0,0,SOUTHBOUND,1
66,66,66,65,65,66,66,65,67,67,67,65,65,66,65,65,66,66,64,65,66,64,64,66,66,64,65,66,67,66,65,64,63,68,66,65,65,66,67,65,64,65,66,66,66,65,64,65,25,75,Wednesday,15,5,AT,SOUTHBOUND,1
67,66,65,66,65,65,66,67,67,66,65,65,66,67,65,65,67,65,64,65,65,65,67,68,65,67,67,70,67,66,66,66,68,69,67,64,64,66,67,69,66,66,67,66,65,65,66,68,0,100,Wednesday,15,5,0,SOUTHBOUND,1
69,68,70,70,67,66,67,69,70,68,69,70,69,69,68,68,69,69,68,68,68,68,68,67,67,69,68,71,69,70,70,70,71,71,69,68,68,69,69,69,69,68,69,71,70,68,70,71,0,100,Wednesday,15,5,0,SOUTHBOUND,1
68,74,79,71,72,70,71,73,74,71,69,70,71,70,70,72,73,71,71,72,70,69,69,73,69,68,68,67,65,64,61,59,62,65,67,65,66,65,66,63,61,59,56,56,56,56,59,62,0,100,Thursday,8,15,TO,SOUTHBOUND,1
71,69,77,72,72,73,73,73,74,72,69,68,71,70,70,72,71,70,71,72,72,70,69,70,68,68,67,64,55,45,49,50,37,45,57,62,65,62,62,61,59,61,60,54,55,63,66,62,0,100,Thursday,8,15,0,SOUTHBOUND,1
71,76,72,74,77,75,76,75,71,72,73,71,73,72,72,74,73,73,72,72,73,72,73,71,71,71,71,69,64,52,43,46,54,58,70,67,67,66,66,65,64,65,65,65,64,65,68,67,0,100,Thursday,8,15,0,SOUTHBOUND,1
73,71,70,72,72,70,70,69,71,73,72,73,70,74,71,72,73,73,73,73,72,70,72,72,73,77,62,69,70,69,71,70,69,69,69,67,68,68,67,66,66,65,64,62,60,57,54,55,0,100,Sunday,7,55,0,SOUTHBOUND,1
72,70,67,68,71,70,69,68,70,72,71,70,67,72,71,72,70,73,73,71,69,70,71,72,72,73,61,68,68,67,68,66,67,67,66,67,68,69,67,56,47,48,46,46,48,43,39,41,0,100,Sunday,7,55,0,SOUTHBOUND,1
73,70,68,67,71,69,70,71,74,75,73,74,73,71,73,77,73,72,73,72,71,72,74,75,75,74,62,71,71,71,71,69,68,69,69,69,69,69,67,62,48,54,53,44,36,37,34,32,0,100,Sunday,7,55,0,SOUTHBOUND,1
69,75,69,66,74,69,68,71,67,62,72,69,75,74,74,73,70,70,71,75,67,67,75,73,71,72,74,74,76,75,70,69,70,69,71,69,67,69,71,68,67,70,68,67,66,64,65,63,0,100,Tuesday,7,45,0,SOUTHBOUND,2
70,69,66,65,71,72,71,71,65,62,72,69,76,73,71,73,72,71,72,72,65,67,74,72,70,69,70,72,70,70,68,67,65,64,66,64,62,65,65,66,67,65,64,62,59,60,56,56,0,100,Tuesday,7,45,0,SOUTHBOUND,2
71,65,66,66,68,70,72,68,67,62,72,73,73,71,71,70,71,72,73,73,64,65,70,71,70,70,72,69,70,67,68,65,59,50,50,49,46,46,48,49,47,44,46,46,44,45,46,40,0,100,Tuesday,7,45,0,SOUTHBOUND,2
66,66,66,67,67,70,66,70,65,63,66,68,67,66,67,66,68,69,66,65,65,65,66,67,69,68,65,64,65,67,68,66,64,64,65,65,66,62,64,64,62,65,70,69,68,70,71,67,0,100,Monday,16,5,AT,SOUTHBOUND,0
67,66,67,65,65,65,66,66,65,65,64,65,65,64,64,65,66,67,65,64,65,66,66,68,66,67,67,67,66,68,66,66,65,64,65,65,63,63,63,62,57,58,58,55,52,57,64,68,0,100,Monday,16,5,0,SOUTHBOUND,0
65,64,65,64,67,66,66,66,64,66,64,64,66,67,66,65,64,65,65,65,66,67,66,67,67,66,68,66,64,68,65,65,65,65,66,66,62,60,61,62,65,65,68,67,65,65,66,67,0,100,Monday,16,5,0,SOUTHBOUND,0
68,67,67,67,68,68,68,68,69,69,70,71,65,69,69,68,70,68,65,66,66,68,68,67,66,66,66,66,68,68,66,66,63,67,67,66,67,69,68,69,66,65,68,67,65,66,58,62,0,100,Sunday,17,20,PAST,SOUTHBOUND,1
66,67,67,66,67,68,66,66,66,67,68,66,65,64,66,65,65,59,51,57,62,65,64,65,66,66,64,64,65,64,67,66,68,68,67,65,65,65,67,69,68,64,63,65,64,67,66,65,0,100,Sunday,17,20,0,SOUTHBOUND,1
66,66,66,65,67,69,67,67,67,67,67,66,67,66,69,67,65,66,70,68,67,68,68,68,67,65,62,64,66,65,70,68,72,71,68,67,68,67,67,69,67,68,68,68,72,68,68,67,0,100,Sunday,17,20,0,SOUTHBOUND,1
65,77,69,68,74,80,66,68,70,68,70,68,66,72,72,68,69,70,70,71,71,73,74,73,73,71,71,71,70,74,71,71,74,71,70,71,71,71,68,70,70,70,68,67,66,68,66,67,0,100,Sunday,7,0,PAST,SOUTHBOUND,1
68,72,68,66,73,71,65,68,68,70,71,68,67,71,71,67,63,70,70,70,70,74,74,74,72,69,70,70,71,72,71,72,69,71,71,71,71,69,68,68,65,66,63,63,63,64,61,62,0,100,Sunday,7,0,0,SOUTHBOUND,1
73,67,68,65,74,64,64,72,68,71,69,67,68,69,69,68,67,70,71,71,69,73,73,73,71,71,72,71,71,71,69,71,68,70,71,70,68,67,69,67,64,65,64,59,55,53,48,44,0,100,Sunday,7,0,0,SOUTHBOUND,1
67,68,66,69,72,70,68,66,68,69,70,69,68,68,70,68,69,68,68,68,66,67,69,67,68,68,68,70,67,64,67,67,66,70,68,66,65,67,71,70,66,65,62,63,66,62,60,60,0,100,Wednesday,16,50,0,SOUTHBOUND,1
64,66,63,63,67,67,67,67,67,67,68,66,68,66,65,65,65,65,65,66,66,65,66,67,65,65,64,69,66,64,66,66,64,66,68,67,66,68,70,68,67,63,60,63,66,67,67,66,0,100,Wednesday,16,50,0,SOUTHBOUND,1
65,66,68,64,67,68,67,65,68,65,65,68,66,68,68,68,69,66,65,68,67,66,68,67,67,66,65,65,66,67,67,67,67,67,69,69,68,70,71,69,69,67,67,68,67,67,67,66,0,100,Wednesday,16,50,0,SOUTHBOUND,1
67,64,64,66,68,67,67,70,66,67,65,68,66,65,67,68,68,67,62,55,61,62,57,58,68,68,65,61,62,59,54,52,53,54,59,63,61,63,65,67,66,65,65,66,66,65,66,66,50,50,Wednesday,18,45,AT,SOUTHBOUND,1
66,65,64,65,67,61,61,68,68,67,65,67,66,64,65,68,67,65,61,61,65,65,60,60,65,64,63,63,65,66,64,61,61,63,65,64,62,64,66,67,67,66,66,67,67,66,64,65,0,100,Wednesday,18,45,0,SOUTHBOUND,1
65,65,66,68,68,65,68,67,67,67,69,67,65,65,65,66,67,64,61,67,71,65,65,64,66,65,64,66,65,63,65,65,64,65,66,65,65,66,67,68,68,67,67,66,68,65,67,68,0,100,Wednesday,18,45,0,SOUTHBOUND,1
70,71,69,70,70,70,72,69,66,69,70,70,73,74,73,73,71,71,72,70,69,73,75,73,77,77,73,74,73,71,74,74,73,73,71,69,69,71,70,71,70,69,68,69,70,69,68,66,25,75,Wednesday,7,45,AT,SOUTHBOUND,2
68,71,68,71,71,71,72,68,65,69,69,70,74,74,71,70,70,73,75,72,73,74,77,74,74,73,74,73,72,71,72,73,73,72,70,69,69,70,68,71,70,67,66,67,67,65,64,66,0,100,Wednesday,7,45,0,SOUTHBOUND,2
70,69,72,73,71,70,73,70,69,70,69,71,73,74,74,72,70,71,74,70,72,70,70,70,71,70,71,71,70,70,68,68,68,66,65,64,60,61,60,64,66,63,59,59,59,55,54,55,0,100,Wednesday,7,45,0,SOUTHBOUND,2
69,72,70,71,73,73,72,71,71,71,71,71,70,68,69,68,71,71,71,67,67,69,69,67,66,66,64,63,65,65,65,65,64,64,63,64,67,66,68,68,69,69,67,69,69,68,68,68,60,40,Sunday,9,50,BEFORE,SOUTHBOUND,0
74,72,72,70,72,74,72,70,71,70,69,67,67,67,68,70,69,68,68,65,67,62,64,65,62,60,57,55,56,59,63,62,55,63,64,66,61,66,67,68,66,67,65,68,67,65,66,67,0,100,Sunday,9,50,0,SOUTHBOUND,0
73,71,69,71,69,68,69,68,66,66,65,64,63,60,62,65,65,62,64,65,63,61,62,59,55,56,58,60,60,59,58,58,59,58,53,61,59,59,53,53,55,57,58,61,64,66,67,67,0,100,Sunday,9,50,0,SOUTHBOUND,0
65,65,66,66,65,71,68,69,67,57,58,61,67,66,59,54,59,65,65,64,63,64,67,64,63,67,68,66,67,67,65,64,66,64,68,67,66,74,71,68,71,71,73,71,73,77,78,73,50,50,Tuesday,5,10,AT,SOUTHBOUND,1
65,65,68,70,67,69,68,68,67,65,67,68,67,66,64,63,67,69,69,67,66,68,70,66,66,68,67,69,74,69,67,69,68,65,68,68,68,72,70,69,73,73,74,72,72,75,76,74,0,100,Tuesday,5,10,0,SOUTHBOUND,1
64,64,65,68,68,69,70,69,62,64,66,67,66,63,61,63,64,66,66,64,64,68,69,67,69,65,67,73,73,67,67,67,68,67,69,68,70,70,69,69,72,71,71,72,73,73,72,71,0,100,Tuesday,5,10,0,SOUTHBOUND,1
68,67,68,69,68,67,66,69,71,71,69,68,66,67,68,70,69,66,67,68,68,66,69,66,68,66,66,66,67,71,68,64,70,67,67,70,69,60,64,63,61,63,65,66,68,70,69,67,0,100,Thursday,16,20,BEFORE,SOUTHBOUND,1
67,66,66,67,68,67,66,66,64,69,68,68,64,66,67,66,64,63,66,68,66,67,65,65,67,65,64,65,66,67,66,64,70,70,67,68,67,68,66,60,60,65,68,68,68,70,69,67,0,100,Thursday,16,20,0,SOUTHBOUND,1
56,58,63,61,59,61,66,67,66,65,64,62,58,60,60,61,63,64,66,65,65,66,66,62,66,62,62,66,65,64,60,62,60,64,60,63,65,67,67,63,62,64,66,66,67,67,60,54,0,100,Thursday,16,20,0,SOUTHBOUND,1
62,66,66,66,66,67,70,69,69,72,71,70,76,73,68,68,69,68,71,68,68,71,72,73,74,72,71,73,71,70,70,71,71,70,69,70,72,72,71,70,69,69,69,68,67,65,68,68,33,67,Tuesday,7,5,PAST,SOUTHBOUND,1
62,67,67,66,65,67,70,68,70,74,72,71,75,74,69,67,68,69,72,75,73,71,71,73,73,73,74,73,74,70,71,72,71,71,72,70,69,72,71,71,70,69,67,63,67,66,70,67,0,100,Tuesday,7,5,0,SOUTHBOUND,1
61,67,67,65,65,66,66,66,69,71,70,69,69,69,70,70,68,69,70,74,73,72,72,72,71,70,72,70,73,71,72,71,69,70,71,71,69,72,70,67,67,67,66,65,62,61,64,59,25,75,Tuesday,7,5,AT,SOUTHBOUND,1
69,67,69,70,66,66,70,69,66,69,69,68,69,69,67,70,69,67,69,67,66,68,70,70,69,70,68,67,68,67,68,70,67,67,68,69,69,69,71,71,69,68,68,70,68,67,64,64,40,60,Thursday,15,35,BEFORE,SOUTHBOUND,1
68,68,67,68,68,64,67,68,65,68,68,67,67,68,69,65,64,67,70,68,68,70,71,69,68,67,64,66,70,68,68,71,69,67,64,65,69,65,65,71,69,68,71,70,66,66,64,63,0,100,Thursday,15,35,0,SOUTHBOUND,1
61,68,65,64,67,67,68,68,68,69,68,66,65,68,67,66,64,69,69,66,67,68,65,61,64,64,58,56,57,59,66,67,67,65,64,66,68,66,65,61,62,60,55,53,59,59,59,58,0,100,Thursday,15,35,0,SOUTHBOUND,1
65,65,65,65,68,69,71,71,66,71,71,75,67,64,64,63,62,65,65,65,66,65,67,69,69,69,71,71,70,68,66,68,65,70,75,78,73,67,66,71,73,72,70,70,71,69,69,68,20,80,Sunday,4,35,BEFORE,SOUTHBOUND,1
65,65,67,64,64,66,70,69,65,72,77,71,68,67,67,59,64,65,66,64,66,65,66,69,70,70,71,71,70,66,67,68,69,70,77,77,69,67,69,72,74,72,70,69,67,68,69,71,0,100,Sunday,4,35,0,SOUTHBOUND,1
63,67,69,65,63,68,71,66,66,73,76,70,69,67,65,59,67,66,66,66,67,65,65,66,68,71,72,72,69,66,69,67,69,71,76,74,67,69,70,73,73,69,69,69,69,69,69,70,0,100,Sunday,4,35,0,SOUTHBOUND,1
71,70,70,72,71,71,70,70,70,70,69,68,70,72,72,72,68,72,71,71,71,73,72,70,71,72,70,70,72,73,72,73,73,72,72,70,69,72,71,71,70,72,72,73,71,71,72,72,25,75,Saturday,16,5,AT,SOUTHBOUND,0
70,70,69,70,70,69,69,72,73,71,70,72,72,71,71,72,69,71,70,70,71,72,70,71,71,70,68,68,70,72,72,73,72,70,71,71,68,70,71,69,68,71,73,71,70,73,74,71,0,100,Saturday,16,5,0,SOUTHBOUND,0
70,70,70,70,70,68,71,72,71,70,70,71,72,72,70,70,73,68,68,68,71,69,68,70,70,72,70,69,70,71,71,70,70,70,69,70,70,70,70,68,69,71,71,66,72,73,73,73,0,100,Saturday,16,5,0,SOUTHBOUND,0
70,69,69,69,72,68,67,68,71,68,69,69,69,70,68,68,68,67,66,69,67,70,69,68,68,68,69,69,68,67,68,67,69,69,67,66,65,66,69,66,66,68,69,68,69,68,67,66,20,80,Tuesday,16,25,PAST,SOUTHBOUND,0
67,67,67,68,68,66,68,65,69,67,67,68,71,70,67,67,66,66,66,67,68,69,66,68,68,65,68,69,65,64,66,66,68,68,67,66,65,64,64,67,66,67,66,68,69,70,67,66,0,100,Tuesday,16,25,0,SOUTHBOUND,0
65,67,67,66,65,66,67,66,65,66,66,67,67,67,67,68,68,68,68,72,69,67,66,68,67,64,66,67,63,61,62,63,68,66,66,65,64,64,62,66,64,68,69,69,72,71,67,68,0,100,Tuesday,16,25,0,SOUTHBOUND,0
68,68,69,68,70,70,69,70,70,69,68,67,68,69,68,69,70,69,68,69,70,70,68,69,70,65,67,69,69,68,68,69,69,70,72,67,69,70,68,69,68,68,68,69,70,69,68,68,50,50,Sunday,16,20,AT,SOUTHBOUND,1
69,69,67,69,68,68,67,66,68,68,67,67,68,66,66,68,69,68,67,70,73,70,69,70,68,65,67,68,68,67,67,68,67,67,68,67,68,67,64,66,67,66,67,67,67,69,69,66,0,100,Sunday,16,20,0,SOUTHBOUND,1
66,66,67,67,67,67,66,66,69,70,68,67,68,65,66,68,68,68,68,69,70,71,67,68,66,65,69,69,68,67,68,69,69,68,66,67,67,67,67,66,65,65,66,66,66,69,69,66,0,100,Sunday,16,20,0,SOUTHBOUND,1
67,69,71,71,72,72,71,69,70,71,70,70,71,70,67,68,69,70,70,70,70,73,73,70,68,68,68,69,68,68,71,71,70,68,67,68,68,69,70,70,69,67,67,68,68,68,70,71,17,83,Sunday,16,5,BEFORE,SOUTHBOUND,3
67,71,70,68,67,69,69,66,65,66,69,69,68,67,69,70,68,69,69,68,70,71,69,68,68,67,67,69,68,66,65,69,68,66,68,67,66,67,67,67,67,65,65,65,68,68,66,67,0,100,Sunday,16,5,0,SOUTHBOUND,3
66,69,68,68,70,68,68,69,70,67,67,67,66,67,69,69,69,69,71,69,69,69,68,68,68,68,66,67,70,69,67,67,63,66,63,65,67,65,65,66,66,66,65,64,67,67,65,67,0,100,Sunday,16,5,0,SOUTHBOUND,3
72,69,69,72,74,69,67,70,70,72,75,73,71,70,71,75,77,73,76,76,70,71,71,69,70,68,67,71,72,70,70,71,70,69,68,68,68,69,72,69,68,68,67,67,68,66,66,67,20,80,Wednesday,8,35,PAST,SOUTHBOUND,0
73,70,70,73,75,71,67,72,71,73,78,72,71,71,74,77,77,74,78,76,71,71,70,69,69,70,71,72,71,74,72,70,70,71,70,70,67,58,44,41,46,53,56,60,62,63,63,68,0,100,Wednesday,8,35,0,SOUTHBOUND,0
73,70,69,73,76,72,68,71,69,69,73,72,73,73,75,74,71,70,74,71,71,70,70,68,66,67,69,69,68,73,69,68,70,69,67,67,66,61,51,32,23,29,38,50,61,63,66,67,0,100,Wednesday,8,35,0,SOUTHBOUND,0
67,69,69,69,69,69,69,67,69,67,66,67,69,67,69,70,68,69,68,68,68,66,62,69,66,69,69,68,67,68,69,67,67,67,68,66,66,67,65,67,69,68,69,65,66,66,67,68,25,75,Tuesday,16,5,PAST,SOUTHBOUND,1
70,72,70,70,70,69,69,69,72,68,67,68,71,68,69,69,69,70,68,68,68,67,66,69,67,70,69,68,68,68,69,69,68,67,68,67,69,69,67,66,65,66,69,66,66,68,69,68,0,100,Tuesday,16,5,0,SOUTHBOUND,1
70,69,67,67,67,67,67,68,68,66,68,65,69,67,67,68,71,70,67,67,66,66,66,67,68,69,66,68,68,65,68,69,65,64,66,66,68,68,67,66,65,64,64,67,66,67,66,68,0,100,Tuesday,16,5,0,SOUTHBOUND,1
69,67,67,68,69,63,71,69,69,69,67,69,71,69,69,68,68,69,71,70,69,67,68,71,70,66,64,64,65,67,69,70,70,68,66,69,70,68,65,68,69,69,68,69,68,64,66,69,20,80,Wednesday,10,45,PAST,SOUTHBOUND,0
69,71,72,68,68,69,68,70,71,71,70,68,70,69,70,69,67,68,70,67,67,66,67,70,70,67,66,66,67,71,70,69,72,71,69,72,68,68,67,68,67,67,68,69,70,71,69,69,0,100,Wednesday,10,45,0,SOUTHBOUND,0
67,67,70,67,69,67,67,68,68,66,64,67,68,66,70,66,64,62,62,61,62,61,56,54,53,51,50,53,62,68,68,69,70,70,69,69,68,68,65,68,67,67,67,67,67,67,67,67,0,100,Wednesday,10,45,0,SOUTHBOUND,0
69,72,70,73,76,71,69,70,69,72,72,65,73,70,68,69,72,69,71,72,71,70,71,73,71,70,74,72,70,70,72,72,72,73,73,69,70,72,71,69,70,73,73,69,70,72,70,74,0,100,Friday,12,15,TO,SOUTHBOUND,1
71,71,72,74,76,73,71,72,71,75,70,68,72,70,73,71,71,74,74,73,71,70,72,74,71,69,73,73,73,72,73,73,72,69,70,72,72,74,72,73,72,71,71,71,71,72,72,74,0,100,Friday,12,15,0,SOUTHBOUND,1
71,71,69,71,74,71,71,72,73,72,71,69,74,71,72,71,71,72,71,70,69,69,72,73,70,69,73,73,73,73,72,72,72,70,71,72,72,71,72,72,71,70,71,73,72,73,72,71,0,100,Friday,12,15,0,SOUTHBOUND,1
68,67,67,67,68,67,67,69,65,68,67,72,68,68,68,67,67,68,68,67,68,68,67,68,66,68,66,67,68,68,69,66,65,67,68,66,68,68,65,61,61,63,65,63,62,57,57,58,0,100,Tuesday,17,5,0,SOUTHBOUND,1
65,68,67,66,68,69,69,69,66,68,68,67,70,70,70,71,67,68,70,69,66,65,67,66,65,66,67,68,65,74,66,67,68,70,70,69,72,70,68,69,67,67,69,64,61,63,66,69,0,100,Tuesday,17,5,0,SOUTHBOUND,1
67,70,69,67,68,68,68,68,69,68,69,70,68,70,70,69,68,67,68,70,68,68,69,68,67,67,68,70,65,69,67,65,68,68,67,69,70,70,69,68,66,66,68,67,68,66,65,66,0,100,Tuesday,17,5,0,SOUTHBOUND,1
